filename,liveness_score
AA5742_id154_s0_112.png,1
AA5742_id154_s0_137.png,1
AA5742_id154_s0_15.png,1
AA5742_id154_s0_47.png,1
AA5742_id154_s0_62.png,1
AA5742_id154_s0_81.png,1
AA5742_id154_s0_96.png,1
AAE5573GP98K_id159_s0_118.png,1
AAE5573GP98K_id159_s0_137.png,1
AAE5573GP98K_id159_s0_97.png,1
FT1080P_id165_s0_105.png,1
FT1080P_id165_s0_120.png,1
FT1080P_id165_s0_15.png,1
FT1080P_id165_s0_150.png,1
FT1080P_id165_s0_30.png,1
FT1080P_id165_s0_45.png,1
FT1080P_id165_s0_60.png,1
FT1080P_id165_s0_75.png,1
FT1080P_id165_s0_90.png,1
FT720P_id1_s0_105.png,1
FT720P_id1_s0_120.png,1
FT720P_id1_s0_135.png,1
FT720P_id1_s0_15.png,1
FT720P_id1_s0_150.png,1
FT720P_id1_s0_30.png,1
FT720P_id1_s0_45.png,1
FT720P_id1_s0_60.png,1
FT720P_id1_s0_75.png,1
FT720P_id1_s0_90.png,1
FT720P_id2_s0_105.png,1
FT720P_id2_s0_120.png,1
FT720P_id2_s0_135.png,1
FT720P_id2_s0_15.png,1
FT720P_id2_s0_150.png,1
FT720P_id2_s0_30.png,1
FT720P_id2_s0_45.png,1
FT720P_id2_s0_60.png,1
FT720P_id2_s0_75.png,1
FT720P_id2_s0_90.png,1
FT720P_id3_s0_120.png,1
FT720P_id3_s0_15.png,1
FT720P_id3_s0_30.png,1
FT720P_id3_s0_45.png,1
FT720P_id3_s0_60.png,1
FT720P_id4_s0_105.png,1
FT720P_id4_s0_120.png,1
FT720P_id4_s0_135.png,1
FT720P_id4_s0_15.png,1
FT720P_id4_s0_150.png,1
FT720P_id4_s0_30.png,1
FT720P_id4_s0_45.png,1
FT720P_id4_s0_60.png,1
FT720P_id4_s0_75.png,1
FT720P_id4_s0_90.png,1
FT720P_id6_s0_90.png,1
HTCD620_id117_s0_120.png,1
HTCD620_id117_s0_150.png,1
HTCD620_id117_s0_60.png,1
HUAWEIP7L_id122_s0_105.png,1
HUAWEIP7L_id122_s0_120.png,1
HUAWEIP7L_id122_s0_135.png,1
HUAWEIP7L_id122_s0_15.png,1
HUAWEIP7L_id122_s0_150.png,1
HUAWEIP7L_id122_s0_30.png,1
HUAWEIP7L_id122_s0_45.png,1
HUAWEIP7L_id122_s0_60.png,1
HUAWEIP7L_id122_s0_75.png,1
HUAWEIP7L_id122_s0_90.png,1
IPHONE8B_id4_s2_105.png,1
IPHONE8B_id4_s2_120.png,1
IPHONE8B_id4_s2_135.png,1
IPHONE8B_id4_s2_15.png,1
IPHONE8B_id4_s2_150.png,1
IPHONE8B_id4_s2_30.png,1
IPHONE8B_id4_s2_45.png,1
IPHONE8B_id4_s2_60.png,1
IPHONE8B_id4_s2_75.png,1
IPHONE8B_id4_s2_90.png,1
IPHONE8B_id82_s0_105.png,1
IPHONE8B_id82_s0_120.png,1
IPHONE8B_id82_s0_135.png,1
IPHONE8B_id82_s0_15.png,1
IPHONE8B_id82_s0_150.png,1
IPHONE8B_id82_s0_30.png,1
IPHONE8B_id82_s0_45.png,1
IPHONE8B_id82_s0_60.png,1
IPHONE8B_id82_s0_75.png,1
IPHONE8B_id82_s0_90.png,1
LTC270_id144_s0_109.png,1
LTC270_id144_s0_124.png,1
LTC270_id144_s0_139.png,1
LTC270_id144_s0_15.png,1
LTC270_id144_s0_154.png,1
LTC270_id144_s0_169.png,1
LTC270_id144_s0_30.png,1
LTC270_id144_s0_45.png,1
LTC270_id144_s0_79.png,1
LTC270_id144_s0_94.png,1
LTC270_id151_s0_103.png,1
LTC270_id151_s0_118.png,1
LTC270_id151_s0_133.png,1
LTC270_id151_s0_148.png,1
LTC270_id151_s0_163.png,1
LTC270_id151_s0_178.png,1
LTC270_id151_s0_37.png,1
LTC270_id151_s0_52.png,1
LTC270_id151_s0_73.png,1
LTC270_id151_s0_88.png,1
PBENTE11HC_id153_s0_107.png,1
PBENTE11HC_id153_s0_122.png,1
PBENTE11HC_id153_s0_137.png,1
PBENTE11HC_id153_s0_15.png,1
PBENTE11HC_id153_s0_152.png,1
PBENTE11HC_id153_s0_32.png,1
PBENTE11HC_id153_s0_47.png,1
PBENTE11HC_id153_s0_62.png,1
PBENTE11HC_id153_s0_77.png,1
PBENTE11HC_id153_s0_92.png,1
REDMI3_id123_s0_105.png,1
REDMI3_id123_s0_120.png,1
REDMI3_id123_s0_135.png,1
REDMI3_id123_s0_15.png,1
REDMI3_id123_s0_150.png,1
REDMI3_id123_s0_30.png,1
REDMI3_id123_s0_45.png,1
REDMI3_id123_s0_60.png,1
REDMI3_id123_s0_75.png,1
REDMI3_id123_s0_90.png,1
SMG950U_id130_s0_107.png,1
SMG950U_id130_s0_131.png,1
SMG950U_id130_s0_149.png,1
SMG950U_id130_s0_15.png,1
SMG950U_id130_s0_164.png,1
SMG950U_id130_s0_179.png,1
SMG950U_id130_s0_30.png,1
SMG950U_id130_s0_45.png,1
SMG950U_id130_s0_77.png,1
SMG950U_id130_s0_92.png,1
YOUTUBE_id100_s0_105.png,1
YOUTUBE_id100_s0_120.png,1
YOUTUBE_id100_s0_135.png,1
YOUTUBE_id100_s0_15.png,1
YOUTUBE_id100_s0_150.png,1
YOUTUBE_id100_s0_30.png,1
YOUTUBE_id100_s0_45.png,1
YOUTUBE_id100_s0_60.png,1
YOUTUBE_id100_s0_75.png,1
YOUTUBE_id100_s0_90.png,1
YOUTUBE_id101_s0_105.png,1
YOUTUBE_id101_s0_120.png,1
YOUTUBE_id101_s0_135.png,1
YOUTUBE_id101_s0_15.png,1
YOUTUBE_id101_s0_150.png,1
YOUTUBE_id102_s0_105.png,1
YOUTUBE_id102_s0_120.png,1
YOUTUBE_id102_s0_135.png,1
YOUTUBE_id102_s0_15.png,1
YOUTUBE_id102_s0_150.png,1
YOUTUBE_id102_s0_30.png,1
YOUTUBE_id102_s0_45.png,1
YOUTUBE_id102_s0_60.png,1
YOUTUBE_id102_s0_75.png,1
YOUTUBE_id102_s0_90.png,1
YOUTUBE_id103_s0_105.png,1
YOUTUBE_id103_s0_120.png,1
YOUTUBE_id103_s0_135.png,1
YOUTUBE_id103_s0_15.png,1
YOUTUBE_id103_s0_150.png,1
YOUTUBE_id103_s0_45.png,1
YOUTUBE_id103_s0_60.png,1
YOUTUBE_id103_s0_75.png,1
YOUTUBE_id103_s0_90.png,1
YOUTUBE_id104_s0_105.png,1
YOUTUBE_id104_s0_120.png,1
YOUTUBE_id104_s0_135.png,1
YOUTUBE_id104_s0_150.png,1
YOUTUBE_id104_s0_45.png,1
YOUTUBE_id104_s0_60.png,1
YOUTUBE_id104_s0_75.png,1
YOUTUBE_id104_s0_90.png,1
YOUTUBE_id105_s0_105.png,1
YOUTUBE_id105_s0_120.png,1
YOUTUBE_id105_s0_135.png,1
YOUTUBE_id105_s0_15.png,1
YOUTUBE_id105_s0_150.png,1
YOUTUBE_id105_s0_30.png,1
YOUTUBE_id105_s0_45.png,1
YOUTUBE_id105_s0_60.png,1
YOUTUBE_id105_s0_75.png,1
YOUTUBE_id105_s0_90.png,1
YOUTUBE_id106_s0_135.png,1
YOUTUBE_id106_s0_15.png,1
YOUTUBE_id107_s0_105.png,1
YOUTUBE_id107_s0_120.png,1
YOUTUBE_id107_s0_135.png,1
YOUTUBE_id107_s0_15.png,1
YOUTUBE_id107_s0_150.png,1
YOUTUBE_id107_s0_30.png,1
YOUTUBE_id107_s0_45.png,1
YOUTUBE_id107_s0_60.png,1
YOUTUBE_id107_s0_75.png,1
YOUTUBE_id107_s0_90.png,1
YOUTUBE_id108_s0_105.png,1
YOUTUBE_id108_s0_120.png,1
YOUTUBE_id108_s0_135.png,1
YOUTUBE_id108_s0_15.png,1
YOUTUBE_id108_s0_150.png,1
YOUTUBE_id108_s0_30.png,1
YOUTUBE_id108_s0_45.png,1
YOUTUBE_id108_s0_60.png,1
YOUTUBE_id108_s0_75.png,1
YOUTUBE_id108_s0_90.png,1
YOUTUBE_id109_s0_105.png,1
YOUTUBE_id109_s0_120.png,1
YOUTUBE_id109_s0_135.png,1
YOUTUBE_id109_s0_15.png,1
YOUTUBE_id109_s0_30.png,1
YOUTUBE_id109_s0_45.png,1
YOUTUBE_id109_s0_60.png,1
YOUTUBE_id109_s0_75.png,1
YOUTUBE_id109_s0_90.png,1
YOUTUBE_id110_s0_110.png,1
YOUTUBE_id110_s0_125.png,1
YOUTUBE_id110_s0_140.png,1
YOUTUBE_id110_s0_50.png,1
YOUTUBE_id110_s0_65.png,1
YOUTUBE_id110_s0_80.png,1
YOUTUBE_id110_s0_95.png,1
YOUTUBE_id111_s0_105.png,1
YOUTUBE_id111_s0_120.png,1
YOUTUBE_id111_s0_135.png,1
YOUTUBE_id111_s0_15.png,1
YOUTUBE_id111_s0_150.png,1
YOUTUBE_id111_s0_30.png,1
YOUTUBE_id111_s0_45.png,1
YOUTUBE_id111_s0_60.png,1
YOUTUBE_id111_s0_75.png,1
YOUTUBE_id111_s0_90.png,1
YOUTUBE_id112_s0_105.png,1
YOUTUBE_id112_s0_120.png,1
YOUTUBE_id112_s0_135.png,1
YOUTUBE_id112_s0_15.png,1
YOUTUBE_id112_s0_150.png,1
YOUTUBE_id112_s0_30.png,1
YOUTUBE_id112_s0_45.png,1
YOUTUBE_id112_s0_60.png,1
YOUTUBE_id112_s0_75.png,1
YOUTUBE_id112_s0_90.png,1
YOUTUBE_id113_s0_105.png,1
YOUTUBE_id113_s0_120.png,1
YOUTUBE_id113_s0_135.png,1
YOUTUBE_id113_s0_15.png,1
YOUTUBE_id113_s0_150.png,1
YOUTUBE_id113_s0_30.png,1
YOUTUBE_id113_s0_45.png,1
YOUTUBE_id113_s0_60.png,1
YOUTUBE_id113_s0_75.png,1
YOUTUBE_id113_s0_90.png,1
YOUTUBE_id114_s0_105.png,1
YOUTUBE_id114_s0_120.png,1
YOUTUBE_id114_s0_135.png,1
YOUTUBE_id114_s0_15.png,1
YOUTUBE_id114_s0_150.png,1
YOUTUBE_id114_s0_30.png,1
YOUTUBE_id114_s0_45.png,1
YOUTUBE_id114_s0_60.png,1
YOUTUBE_id114_s0_75.png,1
YOUTUBE_id114_s0_90.png,1
YOUTUBE_id114_s1_105.png,1
YOUTUBE_id114_s1_120.png,1
YOUTUBE_id114_s1_135.png,1
YOUTUBE_id114_s1_15.png,1
YOUTUBE_id114_s1_150.png,1
YOUTUBE_id114_s1_30.png,1
YOUTUBE_id114_s1_45.png,1
YOUTUBE_id114_s1_60.png,1
YOUTUBE_id114_s1_75.png,1
YOUTUBE_id114_s1_90.png,1
YOUTUBE_id14_s0_105.png,1
YOUTUBE_id14_s0_120.png,1
YOUTUBE_id14_s0_15.png,1
YOUTUBE_id14_s0_30.png,1
YOUTUBE_id14_s0_45.png,1
YOUTUBE_id14_s0_60.png,1
YOUTUBE_id14_s0_75.png,1
YOUTUBE_id14_s0_90.png,1
YOUTUBE_id15_s0_105.png,1
YOUTUBE_id15_s0_120.png,1
YOUTUBE_id15_s0_135.png,1
YOUTUBE_id15_s0_15.png,1
YOUTUBE_id15_s0_30.png,1
YOUTUBE_id15_s0_45.png,1
YOUTUBE_id15_s0_60.png,1
YOUTUBE_id15_s0_75.png,1
YOUTUBE_id16_s0_105.png,1
YOUTUBE_id16_s0_15.png,1
YOUTUBE_id16_s0_30.png,1
YOUTUBE_id16_s0_45.png,1
YOUTUBE_id16_s0_60.png,1
YOUTUBE_id16_s0_75.png,1
YOUTUBE_id16_s0_90.png,1
YOUTUBE_id17_s0_106.png,1
YOUTUBE_id17_s0_121.png,1
YOUTUBE_id17_s0_16.png,1
YOUTUBE_id17_s0_31.png,1
YOUTUBE_id17_s0_61.png,1
YOUTUBE_id17_s0_91.png,1
YOUTUBE_id18_s0_105.png,1
YOUTUBE_id18_s0_120.png,1
YOUTUBE_id18_s0_15.png,1
YOUTUBE_id18_s0_30.png,1
YOUTUBE_id18_s0_45.png,1
YOUTUBE_id18_s0_60.png,1
YOUTUBE_id18_s0_75.png,1
YOUTUBE_id18_s0_90.png,1
YOUTUBE_id19_s0_107.png,1
YOUTUBE_id19_s0_122.png,1
YOUTUBE_id19_s0_137.png,1
YOUTUBE_id19_s0_15.png,1
YOUTUBE_id19_s0_30.png,1
YOUTUBE_id19_s0_62.png,1
YOUTUBE_id19_s0_77.png,1
YOUTUBE_id19_s0_92.png,1
YOUTUBE_id20_s0_105.png,1
YOUTUBE_id20_s0_120.png,1
YOUTUBE_id20_s0_15.png,1
YOUTUBE_id20_s0_30.png,1
YOUTUBE_id20_s0_45.png,1
YOUTUBE_id20_s0_60.png,1
YOUTUBE_id20_s0_75.png,1
YOUTUBE_id20_s0_90.png,1
YOUTUBE_id22_s0_111.png,1
YOUTUBE_id22_s0_126.png,1
YOUTUBE_id22_s0_141.png,1
YOUTUBE_id22_s0_15.png,1
YOUTUBE_id22_s0_38.png,1
YOUTUBE_id22_s0_66.png,1
YOUTUBE_id22_s0_81.png,1
YOUTUBE_id22_s0_96.png,1
YOUTUBE_id23_s0_105.png,1
YOUTUBE_id23_s0_120.png,1
YOUTUBE_id23_s0_15.png,1
YOUTUBE_id23_s0_30.png,1
YOUTUBE_id23_s0_45.png,1
YOUTUBE_id23_s0_60.png,1
YOUTUBE_id23_s0_75.png,1
YOUTUBE_id23_s0_90.png,1
YOUTUBE_id24_s0_105.png,1
YOUTUBE_id24_s0_120.png,1
YOUTUBE_id24_s0_135.png,1
YOUTUBE_id24_s0_15.png,1
YOUTUBE_id24_s0_30.png,1
YOUTUBE_id24_s0_45.png,1
YOUTUBE_id24_s0_60.png,1
YOUTUBE_id24_s0_75.png,1
YOUTUBE_id24_s0_90.png,1
YOUTUBE_id25_s0_105.png,1
YOUTUBE_id25_s0_120.png,1
YOUTUBE_id25_s0_15.png,1
YOUTUBE_id25_s0_30.png,1
YOUTUBE_id25_s0_45.png,1
YOUTUBE_id25_s0_60.png,1
YOUTUBE_id25_s0_75.png,1
YOUTUBE_id25_s0_90.png,1
YOUTUBE_id26_s0_105.png,1
YOUTUBE_id26_s0_15.png,1
YOUTUBE_id26_s0_30.png,1
YOUTUBE_id26_s0_60.png,1
YOUTUBE_id26_s0_75.png,1
YOUTUBE_id26_s0_90.png,1
YOUTUBE_id27_s0_105.png,1
YOUTUBE_id27_s0_15.png,1
YOUTUBE_id27_s0_30.png,1
YOUTUBE_id27_s0_45.png,1
YOUTUBE_id27_s0_60.png,1
YOUTUBE_id27_s0_75.png,1
YOUTUBE_id27_s0_90.png,1
YOUTUBE_id28_s0_106.png,1
YOUTUBE_id28_s0_121.png,1
YOUTUBE_id28_s0_136.png,1
YOUTUBE_id28_s0_16.png,1
YOUTUBE_id28_s0_31.png,1
YOUTUBE_id28_s0_46.png,1
YOUTUBE_id28_s0_61.png,1
YOUTUBE_id28_s0_76.png,1
YOUTUBE_id28_s0_91.png,1
YOUTUBE_id30_s0_109.png,1
YOUTUBE_id30_s0_124.png,1
YOUTUBE_id30_s0_139.png,1
YOUTUBE_id30_s0_15.png,1
YOUTUBE_id30_s0_154.png,1
YOUTUBE_id30_s0_34.png,1
YOUTUBE_id30_s0_49.png,1
YOUTUBE_id30_s0_64.png,1
YOUTUBE_id30_s0_79.png,1
YOUTUBE_id30_s0_94.png,1
YOUTUBE_id30_s1_113.png,1
YOUTUBE_id30_s1_131.png,1
YOUTUBE_id30_s1_146.png,1
YOUTUBE_id30_s1_183.png,1
YOUTUBE_id31_s0_107.png,1
YOUTUBE_id31_s0_122.png,1
YOUTUBE_id31_s0_137.png,1
YOUTUBE_id31_s0_15.png,1
YOUTUBE_id31_s0_152.png,1
YOUTUBE_id31_s0_30.png,1
YOUTUBE_id31_s0_47.png,1
YOUTUBE_id31_s0_62.png,1
YOUTUBE_id31_s0_77.png,1
YOUTUBE_id31_s0_92.png,1
YOUTUBE_id32_s1_285.png,1
YOUTUBE_id32_s1_304.png,1
YOUTUBE_id33_s0_101.png,1
YOUTUBE_id33_s0_116.png,1
YOUTUBE_id33_s0_131.png,1
YOUTUBE_id33_s0_146.png,1
YOUTUBE_id33_s0_15.png,1
YOUTUBE_id33_s0_161.png,1
YOUTUBE_id33_s0_176.png,1
YOUTUBE_id33_s0_191.png,1
YOUTUBE_id33_s0_86.png,1
YOUTUBE_id33_s1_105.png,1
YOUTUBE_id33_s1_120.png,1
YOUTUBE_id33_s1_140.png,1
YOUTUBE_id33_s1_15.png,1
YOUTUBE_id33_s1_155.png,1
YOUTUBE_id33_s1_30.png,1
YOUTUBE_id33_s1_45.png,1
YOUTUBE_id33_s1_60.png,1
YOUTUBE_id33_s1_75.png,1
YOUTUBE_id33_s1_90.png,1
YOUTUBE_id33_s2_108.png,1
YOUTUBE_id33_s2_16.png,1
YOUTUBE_id34_s0_102.png,1
YOUTUBE_id34_s0_117.png,1
YOUTUBE_id34_s0_132.png,1
YOUTUBE_id34_s0_147.png,1
YOUTUBE_id34_s0_162.png,1
YOUTUBE_id34_s0_177.png,1
YOUTUBE_id34_s0_192.png,1
YOUTUBE_id34_s0_207.png,1
YOUTUBE_id34_s0_28.png,1
YOUTUBE_id34_s0_47.png,1
YOUTUBE_id36_s0_105.png,1
YOUTUBE_id36_s0_120.png,1
YOUTUBE_id36_s0_135.png,1
YOUTUBE_id36_s0_15.png,1
YOUTUBE_id36_s0_150.png,1
YOUTUBE_id36_s0_30.png,1
YOUTUBE_id36_s0_45.png,1
YOUTUBE_id36_s0_60.png,1
YOUTUBE_id36_s0_75.png,1
YOUTUBE_id36_s0_90.png,1
YOUTUBE_id38_s0_105.png,1
YOUTUBE_id38_s0_120.png,1
YOUTUBE_id38_s0_135.png,1
YOUTUBE_id38_s0_15.png,1
YOUTUBE_id38_s0_150.png,1
YOUTUBE_id38_s0_30.png,1
YOUTUBE_id38_s0_45.png,1
YOUTUBE_id38_s0_60.png,1
YOUTUBE_id38_s0_75.png,1
YOUTUBE_id38_s0_90.png,1
YOUTUBE_id40_s0_105.png,1
YOUTUBE_id40_s0_15.png,1
YOUTUBE_id40_s0_30.png,1
YOUTUBE_id40_s0_45.png,1
YOUTUBE_id40_s0_60.png,1
YOUTUBE_id40_s0_75.png,1
YOUTUBE_id40_s0_90.png,1
YOUTUBE_id40_s1_154.png,1
YOUTUBE_id40_s1_25.png,1
YOUTUBE_id40_s1_40.png,1
YOUTUBE_id40_s2_105.png,1
YOUTUBE_id40_s2_120.png,1
YOUTUBE_id40_s2_136.png,1
YOUTUBE_id40_s2_15.png,1
YOUTUBE_id40_s2_151.png,1
YOUTUBE_id40_s2_30.png,1
YOUTUBE_id40_s2_45.png,1
YOUTUBE_id40_s2_60.png,1
YOUTUBE_id40_s2_75.png,1
YOUTUBE_id40_s2_90.png,1
YOUTUBE_id40_s3_110.png,1
YOUTUBE_id40_s3_125.png,1
YOUTUBE_id40_s3_143.png,1
YOUTUBE_id40_s3_15.png,1
YOUTUBE_id40_s3_158.png,1
YOUTUBE_id40_s3_30.png,1
YOUTUBE_id40_s3_45.png,1
YOUTUBE_id40_s3_60.png,1
YOUTUBE_id40_s3_79.png,1
YOUTUBE_id40_s3_94.png,1
YOUTUBE_id40_s4_16.png,1
YOUTUBE_id40_s4_162.png,1
YOUTUBE_id40_s4_31.png,1
YOUTUBE_id40_s4_46.png,1
YOUTUBE_id40_s4_77.png,1
YOUTUBE_id40_s4_92.png,1
YOUTUBE_id41_s1_15.png,1
YOUTUBE_id41_s1_30.png,1
YOUTUBE_id41_s1_45.png,1
YOUTUBE_id41_s1_60.png,1
YOUTUBE_id41_s1_75.png,1
YOUTUBE_id41_s1_90.png,1
YOUTUBE_id44_s0_105.png,1
YOUTUBE_id44_s0_120.png,1
YOUTUBE_id44_s0_135.png,1
YOUTUBE_id44_s0_15.png,1
YOUTUBE_id44_s0_150.png,1
YOUTUBE_id44_s0_30.png,1
YOUTUBE_id44_s0_45.png,1
YOUTUBE_id44_s0_60.png,1
YOUTUBE_id44_s0_75.png,1
YOUTUBE_id44_s0_90.png,1
YOUTUBE_id45_s0_105.png,1
YOUTUBE_id45_s0_108.png,1
YOUTUBE_id45_s0_120.png,1
YOUTUBE_id45_s0_123.png,1
YOUTUBE_id45_s0_135.png,1
YOUTUBE_id45_s0_138.png,1
YOUTUBE_id45_s0_15.png,1
YOUTUBE_id45_s0_150.png,1
YOUTUBE_id45_s0_153.png,1
YOUTUBE_id45_s0_30.png,1
YOUTUBE_id45_s0_45.png,1
YOUTUBE_id45_s0_60.png,1
YOUTUBE_id45_s0_75.png,1
YOUTUBE_id45_s0_90.png,1
YOUTUBE_id45_s0_93.png,1
YOUTUBE_id45_s1_115.png,1
YOUTUBE_id45_s1_130.png,1
YOUTUBE_id45_s1_145.png,1
YOUTUBE_id45_s1_160.png,1
YOUTUBE_id45_s1_175.png,1
YOUTUBE_id45_s1_28.png,1
YOUTUBE_id45_s1_43.png,1
YOUTUBE_id45_s1_63.png,1
YOUTUBE_id45_s1_78.png,1
YOUTUBE_id45_s1_93.png,1
YOUTUBE_id45_s2_15.png,1
YOUTUBE_id45_s2_75.png,1
YOUTUBE_id45_s2_90.png,1
YOUTUBE_id46_s0_212.png,1
YOUTUBE_id46_s0_251.png,1
YOUTUBE_id46_s0_266.png,1
YOUTUBE_id46_s0_288.png,1
YOUTUBE_id47_s0_105.png,1
YOUTUBE_id47_s0_120.png,1
YOUTUBE_id47_s0_135.png,1
YOUTUBE_id47_s0_15.png,1
YOUTUBE_id47_s0_150.png,1
YOUTUBE_id47_s0_30.png,1
YOUTUBE_id47_s0_45.png,1
YOUTUBE_id47_s0_60.png,1
YOUTUBE_id47_s0_75.png,1
YOUTUBE_id47_s0_90.png,1
YOUTUBE_id47_s1_106.png,1
YOUTUBE_id47_s1_121.png,1
YOUTUBE_id47_s1_136.png,1
YOUTUBE_id47_s1_151.png,1
YOUTUBE_id47_s1_30.png,1
YOUTUBE_id47_s1_61.png,1
YOUTUBE_id47_s1_76.png,1
YOUTUBE_id47_s1_91.png,1
YOUTUBE_id47_s2_101.png,1
YOUTUBE_id47_s2_116.png,1
YOUTUBE_id47_s2_131.png,1
YOUTUBE_id47_s2_146.png,1
YOUTUBE_id47_s2_15.png,1
YOUTUBE_id47_s2_161.png,1
YOUTUBE_id47_s2_31.png,1
YOUTUBE_id47_s2_56.png,1
YOUTUBE_id47_s2_71.png,1
YOUTUBE_id47_s2_86.png,1
YOUTUBE_id47_s3_105.png,1
YOUTUBE_id47_s3_120.png,1
YOUTUBE_id47_s3_135.png,1
YOUTUBE_id47_s3_15.png,1
YOUTUBE_id47_s3_150.png,1
YOUTUBE_id47_s3_30.png,1
YOUTUBE_id47_s3_45.png,1
YOUTUBE_id47_s3_60.png,1
YOUTUBE_id47_s3_75.png,1
YOUTUBE_id47_s3_90.png,1
YOUTUBE_id49_s0_119.png,1
YOUTUBE_id49_s0_140.png,1
YOUTUBE_id49_s0_15.png,1
YOUTUBE_id49_s0_155.png,1
YOUTUBE_id49_s0_170.png,1
YOUTUBE_id49_s0_30.png,1
YOUTUBE_id49_s0_45.png,1
YOUTUBE_id49_s0_60.png,1
YOUTUBE_id49_s0_75.png,1
YOUTUBE_id49_s0_98.png,1
YOUTUBE_id50_s0_163.png,1
YOUTUBE_id50_s0_178.png,1
YOUTUBE_id50_s0_208.png,1
YOUTUBE_id50_s0_230.png,1
YOUTUBE_id50_s0_33.png,1
YOUTUBE_id50_s0_48.png,1
YOUTUBE_id50_s0_63.png,1
YOUTUBE_id50_s0_78.png,1
YOUTUBE_id51_s0_106.png,1
YOUTUBE_id51_s0_15.png,1
YOUTUBE_id51_s0_151.png,1
YOUTUBE_id51_s0_30.png,1
YOUTUBE_id51_s0_45.png,1
YOUTUBE_id51_s0_60.png,1
YOUTUBE_id51_s0_75.png,1
YOUTUBE_id51_s0_91.png,1
YOUTUBE_id53_s0_109.png,1
YOUTUBE_id53_s0_124.png,1
YOUTUBE_id53_s0_139.png,1
YOUTUBE_id53_s0_15.png,1
YOUTUBE_id53_s0_154.png,1
YOUTUBE_id53_s0_31.png,1
YOUTUBE_id53_s0_46.png,1
YOUTUBE_id53_s0_61.png,1
YOUTUBE_id53_s0_76.png,1
YOUTUBE_id53_s0_92.png,1
YOUTUBE_id53_s1_105.png,1
YOUTUBE_id53_s1_120.png,1
YOUTUBE_id53_s1_135.png,1
YOUTUBE_id53_s1_15.png,1
YOUTUBE_id53_s1_150.png,1
YOUTUBE_id53_s1_30.png,1
YOUTUBE_id53_s1_45.png,1
YOUTUBE_id53_s1_60.png,1
YOUTUBE_id53_s1_75.png,1
YOUTUBE_id53_s1_90.png,1
YOUTUBE_id53_s2_105.png,1
YOUTUBE_id53_s2_120.png,1
YOUTUBE_id53_s2_135.png,1
YOUTUBE_id53_s2_15.png,1
YOUTUBE_id53_s2_151.png,1
YOUTUBE_id53_s2_30.png,1
YOUTUBE_id53_s2_45.png,1
YOUTUBE_id53_s2_60.png,1
YOUTUBE_id53_s2_75.png,1
YOUTUBE_id53_s2_90.png,1
YOUTUBE_id54_s0_105.png,1
YOUTUBE_id54_s0_120.png,1
YOUTUBE_id54_s0_135.png,1
YOUTUBE_id54_s0_15.png,1
YOUTUBE_id54_s0_150.png,1
YOUTUBE_id54_s0_30.png,1
YOUTUBE_id54_s0_60.png,1
YOUTUBE_id54_s0_75.png,1
YOUTUBE_id54_s0_90.png,1
YOUTUBE_id55_s0_235.png,1
YOUTUBE_id55_s0_250.png,1
YOUTUBE_id55_s0_265.png,1
YOUTUBE_id55_s0_47.png,1
YOUTUBE_id57_s0_105.png,1
YOUTUBE_id57_s0_135.png,1
YOUTUBE_id57_s0_15.png,1
YOUTUBE_id57_s0_150.png,1
YOUTUBE_id57_s0_30.png,1
YOUTUBE_id57_s0_45.png,1
YOUTUBE_id57_s0_60.png,1
YOUTUBE_id57_s0_75.png,1
YOUTUBE_id57_s0_90.png,1
YOUTUBE_id57_s1_105.png,1
YOUTUBE_id57_s1_120.png,1
YOUTUBE_id57_s1_135.png,1
YOUTUBE_id57_s1_15.png,1
YOUTUBE_id57_s1_211.png,1
YOUTUBE_id57_s1_30.png,1
YOUTUBE_id57_s1_45.png,1
YOUTUBE_id57_s1_60.png,1
YOUTUBE_id57_s1_75.png,1
YOUTUBE_id57_s1_90.png,1
YOUTUBE_id58_s0_105.png,1
YOUTUBE_id58_s0_120.png,1
YOUTUBE_id58_s0_15.png,1
YOUTUBE_id58_s0_30.png,1
YOUTUBE_id58_s0_45.png,1
YOUTUBE_id58_s0_60.png,1
YOUTUBE_id58_s0_75.png,1
YOUTUBE_id58_s0_90.png,1
YOUTUBE_id59_s0_105.png,1
YOUTUBE_id59_s0_120.png,1
YOUTUBE_id59_s0_135.png,1
YOUTUBE_id59_s0_15.png,1
YOUTUBE_id59_s0_150.png,1
YOUTUBE_id59_s0_30.png,1
YOUTUBE_id59_s0_45.png,1
YOUTUBE_id59_s0_60.png,1
YOUTUBE_id59_s0_75.png,1
YOUTUBE_id59_s0_90.png,1
YOUTUBE_id60_s0_105.png,1
YOUTUBE_id60_s0_120.png,1
YOUTUBE_id60_s0_135.png,1
YOUTUBE_id60_s0_15.png,1
YOUTUBE_id60_s0_150.png,1
YOUTUBE_id60_s0_30.png,1
YOUTUBE_id60_s0_45.png,1
YOUTUBE_id60_s0_60.png,1
YOUTUBE_id60_s0_75.png,1
YOUTUBE_id60_s0_90.png,1
YOUTUBE_id61_s0_105.png,1
YOUTUBE_id61_s0_120.png,1
YOUTUBE_id61_s0_135.png,1
YOUTUBE_id61_s0_15.png,1
YOUTUBE_id61_s0_150.png,1
YOUTUBE_id61_s0_30.png,1
YOUTUBE_id61_s0_45.png,1
YOUTUBE_id61_s0_60.png,1
YOUTUBE_id61_s0_75.png,1
YOUTUBE_id61_s0_90.png,1
YOUTUBE_id62_s0_112.png,1
YOUTUBE_id62_s0_142.png,1
YOUTUBE_id62_s0_15.png,1
YOUTUBE_id62_s0_157.png,1
YOUTUBE_id62_s0_172.png,1
YOUTUBE_id62_s0_30.png,1
YOUTUBE_id62_s0_52.png,1
YOUTUBE_id62_s0_67.png,1
YOUTUBE_id62_s0_82.png,1
YOUTUBE_id62_s0_97.png,1
YOUTUBE_id63_s0_105.png,1
YOUTUBE_id63_s0_120.png,1
YOUTUBE_id63_s0_135.png,1
YOUTUBE_id63_s0_15.png,1
YOUTUBE_id63_s0_150.png,1
YOUTUBE_id63_s0_30.png,1
YOUTUBE_id63_s0_45.png,1
YOUTUBE_id63_s0_60.png,1
YOUTUBE_id63_s0_75.png,1
YOUTUBE_id63_s0_90.png,1
YOUTUBE_id64_s0_105.png,1
YOUTUBE_id64_s0_120.png,1
YOUTUBE_id64_s0_135.png,1
YOUTUBE_id64_s0_15.png,1
YOUTUBE_id64_s0_150.png,1
YOUTUBE_id64_s0_30.png,1
YOUTUBE_id64_s0_45.png,1
YOUTUBE_id64_s0_60.png,1
YOUTUBE_id64_s0_75.png,1
YOUTUBE_id64_s0_90.png,1
YOUTUBE_id65_s0_105.png,1
YOUTUBE_id65_s0_120.png,1
YOUTUBE_id65_s0_135.png,1
YOUTUBE_id65_s0_15.png,1
YOUTUBE_id65_s0_150.png,1
YOUTUBE_id65_s0_30.png,1
YOUTUBE_id65_s0_45.png,1
YOUTUBE_id65_s0_60.png,1
YOUTUBE_id65_s0_75.png,1
YOUTUBE_id65_s0_90.png,1
YOUTUBE_id66_s0_105.png,1
YOUTUBE_id66_s0_120.png,1
YOUTUBE_id66_s0_135.png,1
YOUTUBE_id66_s0_30.png,1
YOUTUBE_id66_s0_45.png,1
YOUTUBE_id67_s0_105.png,1
YOUTUBE_id67_s0_120.png,1
YOUTUBE_id67_s0_135.png,1
YOUTUBE_id67_s0_15.png,1
YOUTUBE_id67_s0_150.png,1
YOUTUBE_id67_s0_30.png,1
YOUTUBE_id67_s0_45.png,1
YOUTUBE_id67_s0_60.png,1
YOUTUBE_id67_s0_75.png,1
YOUTUBE_id67_s0_90.png,1
YOUTUBE_id68_s0_105.png,1
YOUTUBE_id68_s0_120.png,1
YOUTUBE_id68_s0_135.png,1
YOUTUBE_id68_s0_15.png,1
YOUTUBE_id68_s0_150.png,1
YOUTUBE_id68_s0_30.png,1
YOUTUBE_id68_s0_45.png,1
YOUTUBE_id68_s0_60.png,1
YOUTUBE_id68_s0_75.png,1
YOUTUBE_id68_s0_90.png,1
YOUTUBE_id69_s0_105.png,1
YOUTUBE_id69_s0_120.png,1
YOUTUBE_id69_s0_135.png,1
YOUTUBE_id69_s0_15.png,1
YOUTUBE_id69_s0_60.png,1
YOUTUBE_id69_s0_75.png,1
YOUTUBE_id69_s0_90.png,1
YOUTUBE_id70_s0_105.png,1
YOUTUBE_id70_s0_120.png,1
YOUTUBE_id70_s0_135.png,1
YOUTUBE_id70_s0_15.png,1
YOUTUBE_id70_s0_150.png,1
YOUTUBE_id70_s0_30.png,1
YOUTUBE_id70_s0_45.png,1
YOUTUBE_id70_s0_60.png,1
YOUTUBE_id70_s0_75.png,1
YOUTUBE_id70_s0_90.png,1
YOUTUBE_id71_s0_135.png,1
YOUTUBE_id71_s0_15.png,1
YOUTUBE_id71_s0_30.png,1
YOUTUBE_id71_s0_60.png,1
YOUTUBE_id71_s0_75.png,1
YOUTUBE_id72_s0_105.png,1
YOUTUBE_id72_s0_120.png,1
YOUTUBE_id72_s0_135.png,1
YOUTUBE_id72_s0_15.png,1
YOUTUBE_id72_s0_150.png,1
YOUTUBE_id72_s0_30.png,1
YOUTUBE_id72_s0_45.png,1
YOUTUBE_id72_s0_60.png,1
YOUTUBE_id72_s0_75.png,1
YOUTUBE_id72_s0_90.png,1
YOUTUBE_id73_s0_105.png,1
YOUTUBE_id73_s0_120.png,1
YOUTUBE_id73_s0_135.png,1
YOUTUBE_id73_s0_15.png,1
YOUTUBE_id73_s0_150.png,1
YOUTUBE_id73_s0_30.png,1
YOUTUBE_id73_s0_45.png,1
YOUTUBE_id73_s0_60.png,1
YOUTUBE_id73_s0_75.png,1
YOUTUBE_id73_s0_90.png,1
YOUTUBE_id74_s0_105.png,1
YOUTUBE_id74_s0_120.png,1
YOUTUBE_id74_s0_135.png,1
YOUTUBE_id74_s0_15.png,1
YOUTUBE_id74_s0_150.png,1
YOUTUBE_id74_s0_30.png,1
YOUTUBE_id74_s0_45.png,1
YOUTUBE_id74_s0_60.png,1
YOUTUBE_id74_s0_75.png,1
YOUTUBE_id74_s0_90.png,1
YOUTUBE_id75_s0_102.png,1
YOUTUBE_id75_s0_117.png,1
YOUTUBE_id75_s0_132.png,1
YOUTUBE_id75_s0_188.png,1
YOUTUBE_id75_s0_19.png,1
YOUTUBE_id75_s0_203.png,1
YOUTUBE_id75_s0_218.png,1
YOUTUBE_id75_s0_57.png,1
YOUTUBE_id75_s0_72.png,1
YOUTUBE_id75_s0_87.png,1
YOUTUBE_id76_s0_105.png,1
YOUTUBE_id76_s0_120.png,1
YOUTUBE_id76_s0_135.png,1
YOUTUBE_id76_s0_15.png,1
YOUTUBE_id76_s0_150.png,1
YOUTUBE_id76_s0_30.png,1
YOUTUBE_id76_s0_45.png,1
YOUTUBE_id76_s0_60.png,1
YOUTUBE_id76_s0_75.png,1
YOUTUBE_id76_s0_90.png,1
YOUTUBE_id77_s0_105.png,1
YOUTUBE_id77_s0_120.png,1
YOUTUBE_id77_s0_136.png,1
YOUTUBE_id77_s0_15.png,1
YOUTUBE_id77_s0_151.png,1
YOUTUBE_id77_s0_30.png,1
YOUTUBE_id77_s0_45.png,1
YOUTUBE_id77_s0_60.png,1
YOUTUBE_id77_s0_75.png,1
YOUTUBE_id77_s0_90.png,1
YOUTUBE_id78_s0_105.png,1
YOUTUBE_id78_s0_120.png,1
YOUTUBE_id78_s0_135.png,1
YOUTUBE_id78_s0_15.png,1
YOUTUBE_id78_s0_150.png,1
YOUTUBE_id78_s0_30.png,1
YOUTUBE_id78_s0_45.png,1
YOUTUBE_id78_s0_60.png,1
YOUTUBE_id78_s0_75.png,1
YOUTUBE_id78_s0_90.png,1
YOUTUBE_id79_s0_105.png,1
YOUTUBE_id79_s0_120.png,1
YOUTUBE_id79_s0_135.png,1
YOUTUBE_id79_s0_15.png,1
YOUTUBE_id79_s0_150.png,1
YOUTUBE_id79_s0_30.png,1
YOUTUBE_id79_s0_45.png,1
YOUTUBE_id79_s0_60.png,1
YOUTUBE_id79_s0_75.png,1
YOUTUBE_id79_s0_90.png,1
YOUTUBE_id79_s1_108.png,1
YOUTUBE_id79_s1_123.png,1
YOUTUBE_id79_s1_138.png,1
YOUTUBE_id79_s1_15.png,1
YOUTUBE_id79_s1_153.png,1
YOUTUBE_id79_s1_168.png,1
YOUTUBE_id79_s1_48.png,1
YOUTUBE_id79_s1_63.png,1
YOUTUBE_id79_s1_78.png,1
YOUTUBE_id79_s1_93.png,1
YOUTUBE_id80_s0_105.png,1
YOUTUBE_id80_s0_120.png,1
YOUTUBE_id80_s0_45.png,1
YOUTUBE_id80_s0_60.png,1
YOUTUBE_id80_s0_75.png,1
YOUTUBE_id80_s0_90.png,1
YOUTUBE_id83_s0_15.png,1
YOUTUBE_id83_s0_30.png,1
YOUTUBE_id83_s0_45.png,1
YOUTUBE_id83_s0_60.png,1
YOUTUBE_id83_s0_75.png,1
YOUTUBE_id83_s0_90.png,1
YOUTUBE_id84_s0_105.png,1
YOUTUBE_id84_s0_120.png,1
YOUTUBE_id84_s0_135.png,1
YOUTUBE_id84_s0_15.png,1
YOUTUBE_id84_s0_150.png,1
YOUTUBE_id84_s0_30.png,1
YOUTUBE_id84_s0_45.png,1
YOUTUBE_id84_s0_60.png,1
YOUTUBE_id84_s0_75.png,1
YOUTUBE_id84_s0_90.png,1
YOUTUBE_id85_s0_105.png,1
YOUTUBE_id85_s0_120.png,1
YOUTUBE_id85_s0_135.png,1
YOUTUBE_id85_s0_15.png,1
YOUTUBE_id85_s0_150.png,1
YOUTUBE_id85_s0_30.png,1
YOUTUBE_id85_s0_45.png,1
YOUTUBE_id85_s0_60.png,1
YOUTUBE_id85_s0_75.png,1
YOUTUBE_id85_s0_90.png,1
YOUTUBE_id86_s0_105.png,1
YOUTUBE_id86_s0_120.png,1
YOUTUBE_id86_s0_135.png,1
YOUTUBE_id86_s0_15.png,1
YOUTUBE_id86_s0_150.png,1
YOUTUBE_id86_s0_30.png,1
YOUTUBE_id86_s0_45.png,1
YOUTUBE_id86_s0_60.png,1
YOUTUBE_id86_s0_75.png,1
YOUTUBE_id86_s0_90.png,1
YOUTUBE_id87_s0_105.png,1
YOUTUBE_id87_s0_120.png,1
YOUTUBE_id87_s0_135.png,1
YOUTUBE_id87_s0_15.png,1
YOUTUBE_id87_s0_150.png,1
YOUTUBE_id87_s0_30.png,1
YOUTUBE_id87_s0_45.png,1
YOUTUBE_id87_s0_60.png,1
YOUTUBE_id87_s0_75.png,1
YOUTUBE_id87_s0_90.png,1
YOUTUBE_id88_s0_105.png,1
YOUTUBE_id88_s0_120.png,1
YOUTUBE_id88_s0_135.png,1
YOUTUBE_id88_s0_15.png,1
YOUTUBE_id88_s0_30.png,1
YOUTUBE_id88_s0_45.png,1
YOUTUBE_id88_s0_60.png,1
YOUTUBE_id88_s0_75.png,1
YOUTUBE_id88_s0_90.png,1
YOUTUBE_id89_s0_105.png,1
YOUTUBE_id89_s0_120.png,1
YOUTUBE_id89_s0_135.png,1
YOUTUBE_id89_s0_15.png,1
YOUTUBE_id89_s0_150.png,1
YOUTUBE_id89_s0_30.png,1
YOUTUBE_id89_s0_45.png,1
YOUTUBE_id89_s0_60.png,1
YOUTUBE_id89_s0_75.png,1
YOUTUBE_id89_s0_90.png,1
YOUTUBE_id90_s0_105.png,1
YOUTUBE_id90_s0_120.png,1
YOUTUBE_id90_s0_135.png,1
YOUTUBE_id90_s0_15.png,1
YOUTUBE_id90_s0_150.png,1
YOUTUBE_id90_s0_30.png,1
YOUTUBE_id90_s0_45.png,1
YOUTUBE_id90_s0_60.png,1
YOUTUBE_id90_s0_75.png,1
YOUTUBE_id90_s0_90.png,1
YOUTUBE_id91_s0_116.png,1
YOUTUBE_id91_s0_15.png,1
YOUTUBE_id91_s0_154.png,1
YOUTUBE_id91_s0_169.png,1
YOUTUBE_id91_s0_189.png,1
YOUTUBE_id91_s0_231.png,1
YOUTUBE_id91_s0_30.png,1
YOUTUBE_id91_s0_50.png,1
YOUTUBE_id91_s0_65.png,1
YOUTUBE_id91_s0_86.png,1
YOUTUBE_id92_s0_105.png,1
YOUTUBE_id92_s0_120.png,1
YOUTUBE_id92_s0_135.png,1
YOUTUBE_id92_s0_30.png,1
YOUTUBE_id92_s0_45.png,1
YOUTUBE_id92_s0_60.png,1
YOUTUBE_id92_s0_75.png,1
YOUTUBE_id92_s0_90.png,1
YOUTUBE_id93_s0_15.png,1
YOUTUBE_id93_s0_30.png,1
YOUTUBE_id93_s0_45.png,1
YOUTUBE_id93_s0_60.png,1
YOUTUBE_id93_s0_75.png,1
YOUTUBE_id93_s0_90.png,1
YOUTUBE_id94_s0_124.png,1
YOUTUBE_id94_s0_23.png,1
YOUTUBE_id94_s0_38.png,1
YOUTUBE_id94_s0_79.png,1
YOUTUBE_id95_s0_221.png,1
YOUTUBE_id95_s0_236.png,1
YOUTUBE_id95_s0_251.png,1
YOUTUBE_id96_s0_105.png,1
YOUTUBE_id96_s0_120.png,1
YOUTUBE_id96_s0_15.png,1
YOUTUBE_id96_s0_153.png,1
YOUTUBE_id96_s0_168.png,1
YOUTUBE_id96_s0_30.png,1
YOUTUBE_id96_s0_45.png,1
YOUTUBE_id96_s0_60.png,1
YOUTUBE_id96_s0_75.png,1
YOUTUBE_id96_s0_90.png,1
YOUTUBE_id97_s0_107.png,1
YOUTUBE_id97_s0_122.png,1
YOUTUBE_id97_s0_137.png,1
YOUTUBE_id97_s0_152.png,1
YOUTUBE_id97_s0_167.png,1
YOUTUBE_id97_s0_182.png,1
YOUTUBE_id97_s0_341.png,1
YOUTUBE_id97_s0_62.png,1
YOUTUBE_id97_s0_77.png,1
YOUTUBE_id97_s0_92.png,1
YOUTUBE_id97_s1_109.png,1
YOUTUBE_id97_s1_124.png,1
YOUTUBE_id97_s1_139.png,1
YOUTUBE_id97_s1_158.png,1
YOUTUBE_id97_s1_188.png,1
YOUTUBE_id97_s1_20.png,1
YOUTUBE_id97_s1_35.png,1
YOUTUBE_id97_s1_53.png,1
YOUTUBE_id97_s1_79.png,1
YOUTUBE_id97_s1_94.png,1
YOUTUBE_id98_s0_105.png,1
YOUTUBE_id98_s0_120.png,1
YOUTUBE_id98_s0_135.png,1
YOUTUBE_id98_s0_15.png,1
YOUTUBE_id98_s0_150.png,1
YOUTUBE_id98_s0_30.png,1
YOUTUBE_id98_s0_45.png,1
YOUTUBE_id98_s0_60.png,1
YOUTUBE_id98_s0_75.png,1
YOUTUBE_id98_s0_90.png,1
YOUTUBE_id99_s0_105.png,1
YOUTUBE_id99_s0_120.png,1
YOUTUBE_id99_s0_135.png,1
YOUTUBE_id99_s0_15.png,1
YOUTUBE_id99_s0_150.png,1
YOUTUBE_id99_s0_30.png,1
YOUTUBE_id99_s0_45.png,1
YOUTUBE_id99_s0_60.png,1
YOUTUBE_id99_s0_75.png,1
YOUTUBE_id99_s0_90.png,1
YOUTUBE_id99_s1_105.png,1
YOUTUBE_id99_s1_120.png,1
YOUTUBE_id99_s1_15.png,1
YOUTUBE_id99_s1_30.png,1
YOUTUBE_id99_s1_60.png,1
YOUTUBE_id99_s1_90.png,1
YOUTUBE_id99_s2_105.png,1
YOUTUBE_id99_s2_120.png,1
YOUTUBE_id99_s2_135.png,1
YOUTUBE_id99_s2_15.png,1
YOUTUBE_id99_s2_150.png,1
YOUTUBE_id99_s2_30.png,1
YOUTUBE_id99_s2_45.png,1
YOUTUBE_id99_s2_60.png,1
YOUTUBE_id99_s2_75.png,1
YOUTUBE_id99_s2_90.png,1
FT720P_G780_REDMI4X_id1_s0_105.png,0
FT720P_G780_REDMI4X_id1_s0_120.png,0
FT720P_G780_REDMI4X_id1_s0_135.png,0
FT720P_G780_REDMI4X_id1_s0_15.png,0
FT720P_G780_REDMI4X_id1_s0_150.png,0
FT720P_G780_REDMI4X_id1_s0_30.png,0
FT720P_G780_REDMI4X_id1_s0_45.png,0
FT720P_G780_REDMI4X_id1_s0_60.png,0
FT720P_G780_REDMI4X_id1_s0_75.png,0
FT720P_G780_REDMI4X_id1_s0_90.png,0
FT720P_G780_REDMI4X_id1_s1_109.png,0
FT720P_G780_REDMI4X_id1_s1_145.png,0
FT720P_G780_REDMI4X_id1_s1_160.png,0
FT720P_G780_REDMI4X_id1_s1_175.png,0
FT720P_G780_REDMI4X_id1_s1_190.png,0
FT720P_G780_REDMI4X_id1_s1_34.png,0
FT720P_G780_REDMI4X_id1_s1_94.png,0
FT720P_G780_REDMI4X_id2_s0_113.png,0
FT720P_G780_REDMI4X_id2_s0_128.png,0
FT720P_G780_REDMI4X_id2_s0_144.png,0
FT720P_G780_REDMI4X_id2_s0_15.png,0
FT720P_G780_REDMI4X_id2_s0_159.png,0
FT720P_G780_REDMI4X_id2_s0_174.png,0
FT720P_G780_REDMI4X_id2_s0_53.png,0
FT720P_G780_REDMI4X_id2_s0_68.png,0
FT720P_G780_REDMI4X_id2_s0_83.png,0
FT720P_G780_REDMI4X_id2_s0_98.png,0
FT720P_G780_REDMI4X_id3_s0_105.png,0
FT720P_G780_REDMI4X_id3_s0_120.png,0
FT720P_G780_REDMI4X_id3_s0_135.png,0
FT720P_G780_REDMI4X_id3_s0_15.png,0
FT720P_G780_REDMI4X_id3_s0_150.png,0
FT720P_G780_REDMI4X_id3_s0_30.png,0
FT720P_G780_REDMI4X_id3_s0_45.png,0
FT720P_G780_REDMI4X_id3_s0_60.png,0
FT720P_G780_REDMI4X_id3_s0_75.png,0
FT720P_G780_REDMI4X_id3_s0_90.png,0
FT720P_G780_REDMI4X_id3_s1_105.png,0
FT720P_G780_REDMI4X_id3_s1_135.png,0
FT720P_G780_REDMI4X_id3_s1_150.png,0
FT720P_G780_REDMI4X_id3_s1_30.png,0
FT720P_G780_REDMI4X_id3_s1_45.png,0
FT720P_G780_REDMI4X_id3_s1_60.png,0
FT720P_G780_REDMI4X_id3_s1_75.png,0
FT720P_G780_REDMI4X_id3_s1_90.png,0
FT720P_G780_REDMI4X_id4_s0_105.png,0
FT720P_G780_REDMI4X_id4_s0_120.png,0
FT720P_G780_REDMI4X_id4_s0_135.png,0
FT720P_G780_REDMI4X_id4_s0_150.png,0
FT720P_G780_REDMI4X_id4_s0_30.png,0
FT720P_G780_REDMI4X_id4_s0_45.png,0
FT720P_G780_REDMI4X_id4_s0_60.png,0
FT720P_G780_REDMI4X_id4_s0_75.png,0
FT720P_G780_REDMI4X_id4_s0_90.png,0
FT720P_G780_REDMI4X_id4_s1_30.png,0
FT720P_G780_REDMI4X_id6_s0_37.png,0
FT720P_G780_REDMI4X_id6_s0_52.png,0
FT720P_G780_REDMI4X_id6_s0_76.png,0
FT720P_G780_REDMI4X_id7_s0_105.png,0
FT720P_G780_REDMI4X_id7_s0_120.png,0
FT720P_G780_REDMI4X_id7_s0_135.png,0
FT720P_G780_REDMI4X_id7_s0_15.png,0
FT720P_G780_REDMI4X_id7_s0_150.png,0
FT720P_G780_REDMI4X_id7_s0_30.png,0
FT720P_G780_REDMI4X_id7_s0_45.png,0
FT720P_G780_REDMI4X_id7_s0_60.png,0
FT720P_G780_REDMI4X_id7_s0_75.png,0
FT720P_G780_REDMI4X_id7_s0_90.png,0
FT720P_G780_REDMI4X_id8_s0_105.png,0
FT720P_G780_REDMI4X_id8_s0_120.png,0
FT720P_G780_REDMI4X_id8_s0_135.png,0
FT720P_G780_REDMI4X_id8_s0_15.png,0
FT720P_G780_REDMI4X_id8_s0_150.png,0
FT720P_G780_REDMI4X_id8_s0_30.png,0
FT720P_G780_REDMI4X_id8_s0_45.png,0
FT720P_G780_REDMI4X_id8_s0_60.png,0
FT720P_G780_REDMI4X_id8_s0_75.png,0
FT720P_G780_REDMI4X_id8_s1_105.png,0
FT720P_G780_REDMI4X_id8_s1_120.png,0
FT720P_G780_REDMI4X_id8_s1_135.png,0
FT720P_G780_REDMI4X_id8_s1_15.png,0
FT720P_G780_REDMI4X_id8_s1_150.png,0
FT720P_G780_REDMI4X_id8_s1_30.png,0
FT720P_G780_REDMI4X_id8_s1_45.png,0
FT720P_G780_REDMI4X_id8_s1_60.png,0
FT720P_G780_REDMI4X_id8_s1_75.png,0
FT720P_G780_REDMI4X_id8_s1_90.png,0
FT720P_I2269VWM_DOOX30_id1_s0_105.png,0
FT720P_I2269VWM_DOOX30_id1_s0_120.png,0
FT720P_I2269VWM_DOOX30_id1_s0_135.png,0
FT720P_I2269VWM_DOOX30_id1_s0_15.png,0
FT720P_I2269VWM_DOOX30_id1_s0_150.png,0
FT720P_I2269VWM_DOOX30_id1_s0_30.png,0
FT720P_I2269VWM_DOOX30_id1_s0_45.png,0
FT720P_I2269VWM_DOOX30_id1_s0_60.png,0
FT720P_I2269VWM_DOOX30_id1_s0_75.png,0
FT720P_I2269VWM_DOOX30_id1_s0_90.png,0
FT720P_I2269VWM_DOOX30_id1_s1_123.png,0
FT720P_I2269VWM_DOOX30_id1_s1_138.png,0
FT720P_I2269VWM_DOOX30_id1_s1_153.png,0
FT720P_I2269VWM_DOOX30_id1_s1_168.png,0
FT720P_I2269VWM_DOOX30_id1_s1_33.png,0
FT720P_I2269VWM_DOOX30_id2_s0_105.png,0
FT720P_I2269VWM_DOOX30_id2_s0_120.png,0
FT720P_I2269VWM_DOOX30_id2_s0_135.png,0
FT720P_I2269VWM_DOOX30_id2_s0_15.png,0
FT720P_I2269VWM_DOOX30_id2_s0_150.png,0
FT720P_I2269VWM_DOOX30_id2_s0_30.png,0
FT720P_I2269VWM_DOOX30_id2_s0_45.png,0
FT720P_I2269VWM_DOOX30_id2_s0_60.png,0
FT720P_I2269VWM_DOOX30_id2_s0_75.png,0
FT720P_I2269VWM_DOOX30_id2_s0_90.png,0
FT720P_I2269VWM_DOOX30_id3_s0_105.png,0
FT720P_I2269VWM_DOOX30_id3_s0_120.png,0
FT720P_I2269VWM_DOOX30_id3_s0_135.png,0
FT720P_I2269VWM_DOOX30_id3_s0_15.png,0
FT720P_I2269VWM_DOOX30_id3_s0_150.png,0
FT720P_I2269VWM_DOOX30_id3_s0_30.png,0
FT720P_I2269VWM_DOOX30_id3_s0_45.png,0
FT720P_I2269VWM_DOOX30_id3_s0_60.png,0
FT720P_I2269VWM_DOOX30_id3_s0_75.png,0
FT720P_I2269VWM_DOOX30_id3_s0_90.png,0
FT720P_I2269VWM_DOOX30_id3_s1_105.png,0
FT720P_I2269VWM_DOOX30_id3_s1_120.png,0
FT720P_I2269VWM_DOOX30_id3_s1_135.png,0
FT720P_I2269VWM_DOOX30_id3_s1_15.png,0
FT720P_I2269VWM_DOOX30_id3_s1_150.png,0
FT720P_I2269VWM_DOOX30_id3_s1_30.png,0
FT720P_I2269VWM_DOOX30_id3_s1_60.png,0
FT720P_I2269VWM_DOOX30_id3_s1_90.png,0
FT720P_I2269VWM_DOOX30_id4_s0_105.png,0
FT720P_I2269VWM_DOOX30_id4_s0_120.png,0
FT720P_I2269VWM_DOOX30_id4_s0_135.png,0
FT720P_I2269VWM_DOOX30_id4_s0_15.png,0
FT720P_I2269VWM_DOOX30_id4_s0_45.png,0
FT720P_I2269VWM_DOOX30_id4_s0_75.png,0
FT720P_I2269VWM_DOOX30_id4_s0_90.png,0
FT720P_I2269VWM_DOOX30_id6_s0_114.png,0
FT720P_I2269VWM_DOOX30_id6_s0_129.png,0
FT720P_I2269VWM_DOOX30_id6_s0_144.png,0
FT720P_I2269VWM_DOOX30_id6_s0_24.png,0
FT720P_I2269VWM_DOOX30_id6_s0_39.png,0
FT720P_I2269VWM_DOOX30_id6_s0_69.png,0
FT720P_I2269VWM_DOOX30_id6_s0_84.png,0
FT720P_I2269VWM_DOOX30_id6_s0_99.png,0
FT720P_I2269VWM_DOOX30_id6_s1_103.png,0
FT720P_I2269VWM_DOOX30_id8_s1_105.png,0
FT720P_I2269VWM_DOOX30_id8_s1_120.png,0
FT720P_I2269VWM_DOOX30_id8_s1_135.png,0
FT720P_I2269VWM_DOOX30_id8_s1_150.png,0
FT720P_I2269VWM_DOOX30_id8_s1_30.png,0
FT720P_I2269VWM_DOOX30_id8_s1_60.png,0
FT720P_IIYAMAGB_IPHONE5SB_id1_s0_105.png,0
FT720P_IIYAMAGB_IPHONE5SB_id1_s0_120.png,0
FT720P_IIYAMAGB_IPHONE5SB_id1_s0_135.png,0
FT720P_IIYAMAGB_IPHONE5SB_id1_s0_15.png,0
FT720P_IIYAMAGB_IPHONE5SB_id1_s0_150.png,0
FT720P_IIYAMAGB_IPHONE5SB_id1_s0_30.png,0
FT720P_IIYAMAGB_IPHONE5SB_id1_s0_45.png,0
FT720P_IIYAMAGB_IPHONE5SB_id1_s0_60.png,0
FT720P_IIYAMAGB_IPHONE5SB_id1_s0_75.png,0
FT720P_IIYAMAGB_IPHONE5SB_id1_s0_90.png,0
FT720P_IIYAMAGB_IPHONE5SB_id2_s0_105.png,0
FT720P_IIYAMAGB_IPHONE5SB_id2_s0_120.png,0
FT720P_IIYAMAGB_IPHONE5SB_id2_s0_135.png,0
FT720P_IIYAMAGB_IPHONE5SB_id2_s0_15.png,0
FT720P_IIYAMAGB_IPHONE5SB_id2_s0_150.png,0
FT720P_IIYAMAGB_IPHONE5SB_id2_s0_30.png,0
FT720P_IIYAMAGB_IPHONE5SB_id2_s0_45.png,0
FT720P_IIYAMAGB_IPHONE5SB_id2_s0_60.png,0
FT720P_IIYAMAGB_IPHONE5SB_id2_s0_75.png,0
FT720P_IIYAMAGB_IPHONE5SB_id2_s0_90.png,0
FT720P_IIYAMAGB_IPHONE5SB_id3_s0_120.png,0
FT720P_IIYAMAGB_IPHONE5SB_id3_s0_15.png,0
FT720P_IIYAMAGB_IPHONE5SB_id3_s0_150.png,0
FT720P_IIYAMAGB_IPHONE5SB_id3_s0_30.png,0
FT720P_IIYAMAGB_IPHONE5SB_id3_s0_45.png,0
FT720P_IIYAMAGB_IPHONE5SB_id3_s0_60.png,0
FT720P_IIYAMAGB_IPHONE5SB_id3_s0_75.png,0
FT720P_IIYAMAGB_IPHONE5SB_id4_s0_105.png,0
FT720P_IIYAMAGB_IPHONE5SB_id4_s0_120.png,0
FT720P_IIYAMAGB_IPHONE5SB_id4_s0_135.png,0
FT720P_IIYAMAGB_IPHONE5SB_id4_s0_15.png,0
FT720P_IIYAMAGB_IPHONE5SB_id4_s0_150.png,0
FT720P_IIYAMAGB_IPHONE5SB_id4_s0_30.png,0
FT720P_IIYAMAGB_IPHONE5SB_id4_s0_45.png,0
FT720P_IIYAMAGB_IPHONE5SB_id4_s0_60.png,0
FT720P_IIYAMAGB_IPHONE5SB_id4_s0_75.png,0
FT720P_IIYAMAGB_IPHONE5SB_id4_s0_90.png,0
FT720P_IIYAMAGB_IPHONE5SB_id6_s0_105.png,0
FT720P_IIYAMAGB_IPHONE5SB_id6_s0_15.png,0
FT720P_IIYAMAGB_IPHONE5SB_id6_s0_75.png,0
FT720P_IIYAMAGB_IPHONE5SB_id6_s0_90.png,0
FT720P_IIYAMAXB_SMG955U_id0_s0_105.png,0
FT720P_IIYAMAXB_SMG955U_id0_s0_120.png,0
FT720P_IIYAMAXB_SMG955U_id0_s0_135.png,0
FT720P_IIYAMAXB_SMG955U_id0_s0_15.png,0
FT720P_IIYAMAXB_SMG955U_id0_s0_150.png,0
FT720P_IIYAMAXB_SMG955U_id0_s0_30.png,0
FT720P_IIYAMAXB_SMG955U_id0_s0_45.png,0
FT720P_IIYAMAXB_SMG955U_id0_s0_60.png,0
FT720P_IIYAMAXB_SMG955U_id0_s0_75.png,0
FT720P_IIYAMAXB_SMG955U_id0_s0_90.png,0
FT720P_IIYAMAXB_SMG955U_id0_s2_105.png,0
FT720P_IIYAMAXB_SMG955U_id0_s2_120.png,0
FT720P_IIYAMAXB_SMG955U_id0_s2_135.png,0
FT720P_IIYAMAXB_SMG955U_id0_s2_15.png,0
FT720P_IIYAMAXB_SMG955U_id0_s2_150.png,0
FT720P_IIYAMAXB_SMG955U_id0_s2_30.png,0
FT720P_IIYAMAXB_SMG955U_id0_s2_45.png,0
FT720P_IIYAMAXB_SMG955U_id0_s2_60.png,0
FT720P_IIYAMAXB_SMG955U_id0_s2_75.png,0
FT720P_IIYAMAXB_SMG955U_id0_s2_90.png,0
FT720P_IIYAMAXB_SMG955U_id0_s3_105.png,0
FT720P_IIYAMAXB_SMG955U_id0_s3_15.png,0
FT720P_IIYAMAXB_SMG955U_id0_s3_150.png,0
FT720P_IIYAMAXB_SMG955U_id0_s3_30.png,0
FT720P_IIYAMAXB_SMG955U_id0_s3_45.png,0
FT720P_IIYAMAXB_SMG955U_id0_s3_75.png,0
FT720P_IIYAMAXB_SMG955U_id0_s3_90.png,0
FT720P_IIYAMAXB_SMG955U_id12_s0_105.png,0
FT720P_IIYAMAXB_SMG955U_id12_s0_120.png,0
FT720P_IIYAMAXB_SMG955U_id12_s0_135.png,0
FT720P_IIYAMAXB_SMG955U_id12_s0_15.png,0
FT720P_IIYAMAXB_SMG955U_id12_s0_150.png,0
FT720P_IIYAMAXB_SMG955U_id12_s0_30.png,0
FT720P_IIYAMAXB_SMG955U_id12_s0_45.png,0
FT720P_IIYAMAXB_SMG955U_id12_s0_60.png,0
FT720P_IIYAMAXB_SMG955U_id12_s0_75.png,0
FT720P_IIYAMAXB_SMG955U_id12_s0_90.png,0
FT720P_IIYAMAXB_SMG955U_id12_s1_105.png,0
FT720P_IIYAMAXB_SMG955U_id12_s1_120.png,0
FT720P_IIYAMAXB_SMG955U_id12_s1_135.png,0
FT720P_IIYAMAXB_SMG955U_id12_s1_15.png,0
FT720P_IIYAMAXB_SMG955U_id12_s1_150.png,0
FT720P_IIYAMAXB_SMG955U_id12_s1_30.png,0
FT720P_IIYAMAXB_SMG955U_id12_s1_45.png,0
FT720P_IIYAMAXB_SMG955U_id12_s1_60.png,0
FT720P_IIYAMAXB_SMG955U_id12_s1_75.png,0
FT720P_IIYAMAXB_SMG955U_id12_s1_90.png,0
FT720P_IIYAMAXB_SMG955U_id12_s2_105.png,0
FT720P_IIYAMAXB_SMG955U_id12_s2_120.png,0
FT720P_IIYAMAXB_SMG955U_id12_s2_135.png,0
FT720P_IIYAMAXB_SMG955U_id12_s2_15.png,0
FT720P_IIYAMAXB_SMG955U_id12_s2_150.png,0
FT720P_IIYAMAXB_SMG955U_id12_s2_30.png,0
FT720P_IIYAMAXB_SMG955U_id12_s2_45.png,0
FT720P_IIYAMAXB_SMG955U_id12_s2_60.png,0
FT720P_IIYAMAXB_SMG955U_id12_s2_75.png,0
FT720P_IIYAMAXB_SMG955U_id12_s2_90.png,0
FT720P_IIYAMAXB_SMG955U_id1_s0_105.png,0
FT720P_IIYAMAXB_SMG955U_id1_s0_120.png,0
FT720P_IIYAMAXB_SMG955U_id1_s0_135.png,0
FT720P_IIYAMAXB_SMG955U_id1_s0_15.png,0
FT720P_IIYAMAXB_SMG955U_id1_s0_150.png,0
FT720P_IIYAMAXB_SMG955U_id1_s0_30.png,0
FT720P_IIYAMAXB_SMG955U_id1_s0_45.png,0
FT720P_IIYAMAXB_SMG955U_id1_s0_60.png,0
FT720P_IIYAMAXB_SMG955U_id1_s0_75.png,0
FT720P_IIYAMAXB_SMG955U_id1_s0_90.png,0
FT720P_IIYAMAXB_SMG955U_id1_s1_136.png,0
FT720P_IIYAMAXB_SMG955U_id1_s1_31.png,0
FT720P_IIYAMAXB_SMG955U_id2_s0_105.png,0
FT720P_IIYAMAXB_SMG955U_id2_s0_120.png,0
FT720P_IIYAMAXB_SMG955U_id2_s0_135.png,0
FT720P_IIYAMAXB_SMG955U_id2_s0_15.png,0
FT720P_IIYAMAXB_SMG955U_id2_s0_150.png,0
FT720P_IIYAMAXB_SMG955U_id2_s0_30.png,0
FT720P_IIYAMAXB_SMG955U_id2_s0_45.png,0
FT720P_IIYAMAXB_SMG955U_id2_s0_60.png,0
FT720P_IIYAMAXB_SMG955U_id2_s0_75.png,0
FT720P_IIYAMAXB_SMG955U_id2_s0_90.png,0
FT720P_IIYAMAXB_SMG955U_id3_s0_105.png,0
FT720P_IIYAMAXB_SMG955U_id3_s0_120.png,0
FT720P_IIYAMAXB_SMG955U_id3_s0_135.png,0
FT720P_IIYAMAXB_SMG955U_id3_s0_15.png,0
FT720P_IIYAMAXB_SMG955U_id3_s0_150.png,0
FT720P_IIYAMAXB_SMG955U_id3_s0_30.png,0
FT720P_IIYAMAXB_SMG955U_id3_s0_60.png,0
FT720P_IIYAMAXB_SMG955U_id3_s0_90.png,0
FT720P_IIYAMAXB_SMG955U_id3_s1_60.png,0
FT720P_IIYAMAXB_SMG955U_id4_s0_105.png,0
FT720P_IIYAMAXB_SMG955U_id4_s0_120.png,0
FT720P_IIYAMAXB_SMG955U_id4_s0_135.png,0
FT720P_IIYAMAXB_SMG955U_id4_s0_15.png,0
FT720P_IIYAMAXB_SMG955U_id4_s0_150.png,0
FT720P_IIYAMAXB_SMG955U_id4_s0_30.png,0
FT720P_IIYAMAXB_SMG955U_id4_s0_45.png,0
FT720P_IIYAMAXB_SMG955U_id4_s0_60.png,0
FT720P_IIYAMAXB_SMG955U_id4_s0_75.png,0
FT720P_IIYAMAXB_SMG955U_id4_s0_90.png,0
FT720P_IIYAMAXB_SMG955U_id4_s1_195.png,0
FT720P_IIYAMAXB_SMG955U_id5_s0_105.png,0
FT720P_IIYAMAXB_SMG955U_id5_s0_120.png,0
FT720P_IIYAMAXB_SMG955U_id5_s0_135.png,0
FT720P_IIYAMAXB_SMG955U_id5_s0_15.png,0
FT720P_IIYAMAXB_SMG955U_id5_s0_150.png,0
FT720P_IIYAMAXB_SMG955U_id5_s0_30.png,0
FT720P_IIYAMAXB_SMG955U_id5_s0_45.png,0
FT720P_IIYAMAXB_SMG955U_id5_s0_60.png,0
FT720P_IIYAMAXB_SMG955U_id5_s0_75.png,0
FT720P_IIYAMAXB_SMG955U_id5_s0_90.png,0
FT720P_IIYAMAXB_SMG955U_id6_s0_33.png,0
FT720P_IIYAMAXB_SMG955U_id6_s0_48.png,0
FT720P_IIYAMAXB_SMG955U_id6_s0_63.png,0
FT720P_IIYAMAXB_SMG955U_id8_s1_105.png,0
FT720P_IIYAMAXB_SMG955U_id8_s1_120.png,0
FT720P_IIYAMAXB_SMG955U_id9_s0_105.png,0
FT720P_IIYAMAXB_SMG955U_id9_s0_120.png,0
FT720P_IIYAMAXB_SMG955U_id9_s0_135.png,0
FT720P_IIYAMAXB_SMG955U_id9_s0_15.png,0
FT720P_IIYAMAXB_SMG955U_id9_s0_150.png,0
FT720P_IIYAMAXB_SMG955U_id9_s0_30.png,0
FT720P_IIYAMAXB_SMG955U_id9_s0_45.png,0
FT720P_IIYAMAXB_SMG955U_id9_s0_60.png,0
FT720P_IIYAMAXB_SMG955U_id9_s0_75.png,0
FT720P_IIYAMAXB_SMG955U_id9_s0_90.png,0
FT720P_MBP1314_IPHONE6F_id1_s0_105.png,0
FT720P_MBP1314_IPHONE6F_id1_s0_120.png,0
FT720P_MBP1314_IPHONE6F_id1_s0_135.png,0
FT720P_MBP1314_IPHONE6F_id1_s0_15.png,0
FT720P_MBP1314_IPHONE6F_id1_s0_150.png,0
FT720P_MBP1314_IPHONE6F_id1_s0_30.png,0
FT720P_MBP1314_IPHONE6F_id1_s0_45.png,0
FT720P_MBP1314_IPHONE6F_id1_s0_60.png,0
FT720P_MBP1314_IPHONE6F_id1_s0_75.png,0
FT720P_MBP1314_IPHONE6F_id1_s0_90.png,0
FT720P_MBP1314_IPHONE6F_id1_s1_122.png,0
FT720P_MBP1314_IPHONE6F_id1_s1_137.png,0
FT720P_MBP1314_IPHONE6F_id1_s1_152.png,0
FT720P_MBP1314_IPHONE6F_id2_s0_105.png,0
FT720P_MBP1314_IPHONE6F_id2_s0_120.png,0
FT720P_MBP1314_IPHONE6F_id2_s0_135.png,0
FT720P_MBP1314_IPHONE6F_id2_s0_15.png,0
FT720P_MBP1314_IPHONE6F_id2_s0_150.png,0
FT720P_MBP1314_IPHONE6F_id2_s0_30.png,0
FT720P_MBP1314_IPHONE6F_id2_s0_45.png,0
FT720P_MBP1314_IPHONE6F_id2_s0_60.png,0
FT720P_MBP1314_IPHONE6F_id2_s0_75.png,0
FT720P_MBP1314_IPHONE6F_id2_s0_90.png,0
FT720P_MBP1314_IPHONE6F_id2_s1_15.png,0
FT720P_MBP1314_IPHONE6F_id3_s0_120.png,0
FT720P_MBP1314_IPHONE6F_id3_s0_15.png,0
FT720P_MBP1314_IPHONE6F_id3_s0_30.png,0
FT720P_MBP1314_IPHONE6F_id4_s0_105.png,0
FT720P_MBP1314_IPHONE6F_id4_s0_120.png,0
FT720P_MBP1314_IPHONE6F_id4_s0_135.png,0
FT720P_MBP1314_IPHONE6F_id4_s0_15.png,0
FT720P_MBP1314_IPHONE6F_id4_s0_150.png,0
FT720P_MBP1314_IPHONE6F_id4_s0_30.png,0
FT720P_MBP1314_IPHONE6F_id4_s0_45.png,0
FT720P_MBP1314_IPHONE6F_id4_s0_60.png,0
FT720P_MBP1314_IPHONE6F_id4_s0_75.png,0
FT720P_MBP1314_IPHONE6F_id4_s0_90.png,0
FT720P_MBP1314_IPHONE6F_id6_s0_126.png,0
FT720P_MBP1314_IPHONE6F_id6_s0_21.png,0
FT720P_MBP1314_IPHONE6F_id6_s0_36.png,0
FT720P_MBP1314_IPHONE6F_id7_s0_15.png,0
FT720P_MBP1314_IPHONE6F_id8_s1_105.png,0
FT720P_MBP1314_IPHONE6F_id8_s1_135.png,0
FT720P_MBP1314_IPHONE6F_id8_s1_90.png,0
FT720P_MBP1314_IPHONE6SF_id1_s0_105.png,0
FT720P_MBP1314_IPHONE6SF_id1_s0_120.png,0
FT720P_MBP1314_IPHONE6SF_id1_s0_135.png,0
FT720P_MBP1314_IPHONE6SF_id1_s0_15.png,0
FT720P_MBP1314_IPHONE6SF_id1_s0_150.png,0
FT720P_MBP1314_IPHONE6SF_id1_s0_30.png,0
FT720P_MBP1314_IPHONE6SF_id1_s0_45.png,0
FT720P_MBP1314_IPHONE6SF_id1_s0_60.png,0
FT720P_MBP1314_IPHONE6SF_id1_s0_75.png,0
FT720P_MBP1314_IPHONE6SF_id1_s0_90.png,0
FT720P_MBP1314_IPHONE6SF_id1_s1_35.png,0
FT720P_MBP1314_IPHONE6SF_id2_s0_110.png,0
FT720P_MBP1314_IPHONE6SF_id2_s0_125.png,0
FT720P_MBP1314_IPHONE6SF_id2_s0_140.png,0
FT720P_MBP1314_IPHONE6SF_id2_s0_15.png,0
FT720P_MBP1314_IPHONE6SF_id2_s0_155.png,0
FT720P_MBP1314_IPHONE6SF_id2_s0_30.png,0
FT720P_MBP1314_IPHONE6SF_id2_s0_50.png,0
FT720P_MBP1314_IPHONE6SF_id2_s0_65.png,0
FT720P_MBP1314_IPHONE6SF_id2_s0_80.png,0
FT720P_MBP1314_IPHONE6SF_id2_s0_95.png,0
FT720P_MBP1314_IPHONE6SF_id3_s0_120.png,0
FT720P_MBP1314_IPHONE6SF_id3_s0_15.png,0
FT720P_MBP1314_IPHONE6SF_id3_s0_150.png,0
FT720P_MBP1314_IPHONE6SF_id3_s0_30.png,0
FT720P_MBP1314_IPHONE6SF_id3_s0_45.png,0
FT720P_MBP1314_IPHONE6SF_id3_s0_60.png,0
FT720P_MBP1314_IPHONE6SF_id3_s1_199.png,0
FT720P_MBP1314_IPHONE6SF_id3_s1_65.png,0
FT720P_MBP1314_IPHONE6SF_id4_s0_105.png,0
FT720P_MBP1314_IPHONE6SF_id4_s0_120.png,0
FT720P_MBP1314_IPHONE6SF_id4_s0_135.png,0
FT720P_MBP1314_IPHONE6SF_id4_s0_15.png,0
FT720P_MBP1314_IPHONE6SF_id4_s0_150.png,0
FT720P_MBP1314_IPHONE6SF_id4_s0_30.png,0
FT720P_MBP1314_IPHONE6SF_id4_s0_45.png,0
FT720P_MBP1314_IPHONE6SF_id4_s0_60.png,0
FT720P_MBP1314_IPHONE6SF_id4_s0_75.png,0
FT720P_MBP1314_IPHONE6SF_id4_s0_90.png,0
FT720P_MBP1314_IPHONE6SF_id6_s0_15.png,0
FT720P_MBP1314_IPHONE6SF_id6_s0_60.png,0
FT720P_MBP1314_IPHONE6SF_id7_s0_15.png,0
FT720P_MBP1314_IPHONE6SF_id7_s0_45.png,0
FT720P_MBP1314_IPHONE6SF_id8_s1_105.png,0
FT720P_MBP1314_IPHONE6SF_id8_s1_120.png,0
FT720P_MBP1314_IPHONE6SF_id8_s1_135.png,0
FT720P_MBP1314_IPHONE6SF_id8_s1_15.png,0
FT720P_MBP1314_IPHONE6SF_id8_s1_30.png,0
FT720P_MBP1314_IPHONE6SF_id8_s1_45.png,0
FT720P_MBP1314_IPHONE6SF_id8_s1_60.png,0
FT720P_MBP1314_IPHONE6SF_id8_s1_90.png,0
FT720P_MBP1314_IPHONE7B_id1_s0_105.png,0
FT720P_MBP1314_IPHONE7B_id1_s0_120.png,0
FT720P_MBP1314_IPHONE7B_id1_s0_135.png,0
FT720P_MBP1314_IPHONE7B_id1_s0_15.png,0
FT720P_MBP1314_IPHONE7B_id1_s0_150.png,0
FT720P_MBP1314_IPHONE7B_id1_s0_30.png,0
FT720P_MBP1314_IPHONE7B_id1_s0_45.png,0
FT720P_MBP1314_IPHONE7B_id1_s0_60.png,0
FT720P_MBP1314_IPHONE7B_id1_s0_75.png,0
FT720P_MBP1314_IPHONE7B_id1_s0_90.png,0
FT720P_MBP1314_IPHONE7B_id2_s0_105.png,0
FT720P_MBP1314_IPHONE7B_id2_s0_120.png,0
FT720P_MBP1314_IPHONE7B_id2_s0_135.png,0
FT720P_MBP1314_IPHONE7B_id2_s0_15.png,0
FT720P_MBP1314_IPHONE7B_id2_s0_150.png,0
FT720P_MBP1314_IPHONE7B_id2_s0_30.png,0
FT720P_MBP1314_IPHONE7B_id2_s0_45.png,0
FT720P_MBP1314_IPHONE7B_id2_s0_60.png,0
FT720P_MBP1314_IPHONE7B_id2_s0_75.png,0
FT720P_MBP1314_IPHONE7B_id2_s0_90.png,0
FT720P_MBP1314_IPHONE7B_id3_s0_105.png,0
FT720P_MBP1314_IPHONE7B_id3_s0_120.png,0
FT720P_MBP1314_IPHONE7B_id3_s0_135.png,0
FT720P_MBP1314_IPHONE7B_id3_s0_15.png,0
FT720P_MBP1314_IPHONE7B_id3_s0_150.png,0
FT720P_MBP1314_IPHONE7B_id3_s0_30.png,0
FT720P_MBP1314_IPHONE7B_id3_s0_45.png,0
FT720P_MBP1314_IPHONE7B_id3_s0_60.png,0
FT720P_MBP1314_IPHONE7B_id3_s0_75.png,0
FT720P_MBP1314_IPHONE7B_id3_s0_90.png,0
FT720P_MBP1314_IPHONE7B_id3_s1_140.png,0
FT720P_MBP1314_IPHONE7B_id3_s1_155.png,0
FT720P_MBP1314_IPHONE7B_id3_s1_170.png,0
FT720P_MBP1314_IPHONE7B_id3_s1_200.png,0
FT720P_MBP1314_IPHONE7B_id4_s0_105.png,0
FT720P_MBP1314_IPHONE7B_id4_s0_120.png,0
FT720P_MBP1314_IPHONE7B_id4_s0_135.png,0
FT720P_MBP1314_IPHONE7B_id4_s0_15.png,0
FT720P_MBP1314_IPHONE7B_id4_s0_150.png,0
FT720P_MBP1314_IPHONE7B_id4_s0_30.png,0
FT720P_MBP1314_IPHONE7B_id4_s0_45.png,0
FT720P_MBP1314_IPHONE7B_id4_s0_60.png,0
FT720P_MBP1314_IPHONE7B_id4_s0_75.png,0
FT720P_MBP1314_IPHONE7B_id4_s0_90.png,0
FT720P_MBP1314_IPHONE7B_id6_s0_76.png,0
FT720P_MBP1314_IPHONE7B_id6_s0_91.png,0
FT720P_MBP1314_IPHONE7F_id1_s0_105.png,0
FT720P_MBP1314_IPHONE7F_id1_s0_120.png,0
FT720P_MBP1314_IPHONE7F_id1_s0_135.png,0
FT720P_MBP1314_IPHONE7F_id1_s0_15.png,0
FT720P_MBP1314_IPHONE7F_id1_s0_150.png,0
FT720P_MBP1314_IPHONE7F_id1_s0_30.png,0
FT720P_MBP1314_IPHONE7F_id1_s0_45.png,0
FT720P_MBP1314_IPHONE7F_id1_s0_60.png,0
FT720P_MBP1314_IPHONE7F_id1_s0_75.png,0
FT720P_MBP1314_IPHONE7F_id1_s0_90.png,0
FT720P_MBP1314_IPHONE7F_id1_s1_124.png,0
FT720P_MBP1314_IPHONE7F_id1_s1_154.png,0
FT720P_MBP1314_IPHONE7F_id1_s1_19.png,0
FT720P_MBP1314_IPHONE7F_id1_s1_34.png,0
FT720P_MBP1314_IPHONE7F_id2_s0_105.png,0
FT720P_MBP1314_IPHONE7F_id2_s0_120.png,0
FT720P_MBP1314_IPHONE7F_id2_s0_135.png,0
FT720P_MBP1314_IPHONE7F_id2_s0_15.png,0
FT720P_MBP1314_IPHONE7F_id2_s0_150.png,0
FT720P_MBP1314_IPHONE7F_id2_s0_30.png,0
FT720P_MBP1314_IPHONE7F_id2_s0_45.png,0
FT720P_MBP1314_IPHONE7F_id2_s0_60.png,0
FT720P_MBP1314_IPHONE7F_id2_s0_75.png,0
FT720P_MBP1314_IPHONE7F_id2_s0_90.png,0
FT720P_MBP1314_IPHONE7F_id2_s1_15.png,0
FT720P_MBP1314_IPHONE7F_id2_s1_30.png,0
FT720P_MBP1314_IPHONE7F_id3_s0_105.png,0
FT720P_MBP1314_IPHONE7F_id3_s0_120.png,0
FT720P_MBP1314_IPHONE7F_id3_s0_135.png,0
FT720P_MBP1314_IPHONE7F_id3_s0_15.png,0
FT720P_MBP1314_IPHONE7F_id3_s0_150.png,0
FT720P_MBP1314_IPHONE7F_id3_s0_30.png,0
FT720P_MBP1314_IPHONE7F_id3_s0_45.png,0
FT720P_MBP1314_IPHONE7F_id3_s0_60.png,0
FT720P_MBP1314_IPHONE7F_id3_s1_150.png,0
FT720P_MBP1314_IPHONE7F_id3_s1_60.png,0
FT720P_MBP1314_IPHONE7F_id3_s1_75.png,0
FT720P_MBP1314_IPHONE7F_id4_s0_105.png,0
FT720P_MBP1314_IPHONE7F_id4_s0_120.png,0
FT720P_MBP1314_IPHONE7F_id4_s0_135.png,0
FT720P_MBP1314_IPHONE7F_id4_s0_15.png,0
FT720P_MBP1314_IPHONE7F_id4_s0_150.png,0
FT720P_MBP1314_IPHONE7F_id4_s0_30.png,0
FT720P_MBP1314_IPHONE7F_id4_s0_45.png,0
FT720P_MBP1314_IPHONE7F_id4_s0_60.png,0
FT720P_MBP1314_IPHONE7F_id4_s0_75.png,0
FT720P_MBP1314_IPHONE7F_id4_s0_90.png,0
FT720P_MBP1314_IPHONE7F_id4_s1_161.png,0
FT720P_MBP1314_IPHONE7F_id4_s1_199.png,0
FT720P_MBP1314_IPHONE7F_id6_s0_15.png,0
FT720P_MBP1314_IPHONE7F_id6_s0_30.png,0
FT720P_MBP1314_IPHONE7F_id6_s0_75.png,0
FT720P_MBP1314_IPHONE7F_id8_s1_105.png,0
FT720P_MBP1314_IPHONE7F_id8_s1_120.png,0
FT720P_MBP1314_IPHONE7F_id8_s1_135.png,0
FT720P_MBP1314_IPHONE7F_id8_s1_150.png,0
FT720P_MBP1314_IPHONE7F_id8_s1_60.png,0
FT720P_MBP1314_IPHONE7F_id8_s1_75.png,0
FT720P_MBP1314_IPHONE7F_id8_s1_90.png,0
FT720P_MBP1314_IPHONE8F_id1_s0_105.png,0
FT720P_MBP1314_IPHONE8F_id1_s0_120.png,0
FT720P_MBP1314_IPHONE8F_id1_s0_135.png,0
FT720P_MBP1314_IPHONE8F_id1_s0_15.png,0
FT720P_MBP1314_IPHONE8F_id1_s0_150.png,0
FT720P_MBP1314_IPHONE8F_id1_s0_30.png,0
FT720P_MBP1314_IPHONE8F_id1_s0_45.png,0
FT720P_MBP1314_IPHONE8F_id1_s0_60.png,0
FT720P_MBP1314_IPHONE8F_id1_s0_75.png,0
FT720P_MBP1314_IPHONE8F_id1_s0_90.png,0
FT720P_MBP1314_IPHONE8F_id1_s1_120.png,0
FT720P_MBP1314_IPHONE8F_id1_s1_135.png,0
FT720P_MBP1314_IPHONE8F_id1_s1_15.png,0
FT720P_MBP1314_IPHONE8F_id1_s1_150.png,0
FT720P_MBP1314_IPHONE8F_id1_s1_30.png,0
FT720P_MBP1314_IPHONE8F_id2_s0_105.png,0
FT720P_MBP1314_IPHONE8F_id2_s0_120.png,0
FT720P_MBP1314_IPHONE8F_id2_s0_135.png,0
FT720P_MBP1314_IPHONE8F_id2_s0_15.png,0
FT720P_MBP1314_IPHONE8F_id2_s0_150.png,0
FT720P_MBP1314_IPHONE8F_id2_s0_30.png,0
FT720P_MBP1314_IPHONE8F_id2_s0_45.png,0
FT720P_MBP1314_IPHONE8F_id2_s0_60.png,0
FT720P_MBP1314_IPHONE8F_id2_s0_75.png,0
FT720P_MBP1314_IPHONE8F_id2_s0_90.png,0
FT720P_MBP1314_IPHONE8F_id2_s1_106.png,0
FT720P_MBP1314_IPHONE8F_id2_s1_30.png,0
FT720P_MBP1314_IPHONE8F_id2_s1_45.png,0
FT720P_MBP1314_IPHONE8F_id2_s1_60.png,0
FT720P_MBP1314_IPHONE8F_id2_s1_75.png,0
FT720P_MBP1314_IPHONE8F_id2_s1_90.png,0
FT720P_MBP1314_IPHONE8F_id3_s0_105.png,0
FT720P_MBP1314_IPHONE8F_id3_s0_120.png,0
FT720P_MBP1314_IPHONE8F_id3_s0_135.png,0
FT720P_MBP1314_IPHONE8F_id3_s0_15.png,0
FT720P_MBP1314_IPHONE8F_id3_s0_150.png,0
FT720P_MBP1314_IPHONE8F_id3_s0_30.png,0
FT720P_MBP1314_IPHONE8F_id3_s0_45.png,0
FT720P_MBP1314_IPHONE8F_id3_s0_60.png,0
FT720P_MBP1314_IPHONE8F_id3_s0_75.png,0
FT720P_MBP1314_IPHONE8F_id3_s0_90.png,0
FT720P_MBP1314_IPHONE8F_id3_s1_75.png,0
FT720P_MBP1314_IPHONE8F_id4_s0_105.png,0
FT720P_MBP1314_IPHONE8F_id4_s0_120.png,0
FT720P_MBP1314_IPHONE8F_id4_s0_135.png,0
FT720P_MBP1314_IPHONE8F_id4_s0_15.png,0
FT720P_MBP1314_IPHONE8F_id4_s0_150.png,0
FT720P_MBP1314_IPHONE8F_id4_s0_30.png,0
FT720P_MBP1314_IPHONE8F_id4_s0_45.png,0
FT720P_MBP1314_IPHONE8F_id4_s0_60.png,0
FT720P_MBP1314_IPHONE8F_id4_s0_75.png,0
FT720P_MBP1314_IPHONE8F_id4_s0_90.png,0
FT720P_MBP1314_IPHONE8F_id4_s1_108.png,0
FT720P_MBP1314_IPHONE8F_id4_s1_160.png,0
FT720P_MBP1314_IPHONE8F_id4_s1_200.png,0
FT720P_MBP1314_IPHONE8F_id4_s1_45.png,0
FT720P_MBP1314_IPHONE8F_id4_s1_75.png,0
FT720P_MBP1314_IPHONE8F_id4_s1_90.png,0
FT720P_MBP1314_IPHONE8F_id6_s0_15.png,0
FT720P_MBP1314_IPHONE8F_id6_s0_30.png,0
FT720P_MBP1314_IPHONE8F_id6_s0_75.png,0
FT720P_MBP1314_IPHONE8F_id6_s0_90.png,0
FT720P_MBP1314_IPHONE8F_id6_s1_15.png,0
FT720P_MBP1314_IPHONE8F_id7_s1_30.png,0
FT720P_MBP1314_IPHONE8F_id8_s0_135.png,0
FT720P_MBP1314_IPHONE8F_id8_s1_120.png,0
FT720P_MBP1314_IPHONE8F_id8_s1_135.png,0
FT720P_MBP1314_IPHONE8F_id8_s1_150.png,0
FT720P_MBP1314_X014D_id1_s0_105.png,0
FT720P_MBP1314_X014D_id1_s0_120.png,0
FT720P_MBP1314_X014D_id1_s0_135.png,0
FT720P_MBP1314_X014D_id1_s0_15.png,0
FT720P_MBP1314_X014D_id1_s0_150.png,0
FT720P_MBP1314_X014D_id1_s0_30.png,0
FT720P_MBP1314_X014D_id1_s0_45.png,0
FT720P_MBP1314_X014D_id1_s0_60.png,0
FT720P_MBP1314_X014D_id1_s0_75.png,0
FT720P_MBP1314_X014D_id1_s0_90.png,0
FT720P_MBP1314_X014D_id2_s1_15.png,0
FT720P_MBP1314_X014D_id3_s0_105.png,0
FT720P_MBP1314_X014D_id3_s0_120.png,0
FT720P_MBP1314_X014D_id3_s0_135.png,0
FT720P_MBP1314_X014D_id3_s0_15.png,0
FT720P_MBP1314_X014D_id3_s0_150.png,0
FT720P_MBP1314_X014D_id3_s0_30.png,0
FT720P_MBP1314_X014D_id3_s0_45.png,0
FT720P_MBP1314_X014D_id3_s0_60.png,0
FT720P_MBP1314_X014D_id3_s0_75.png,0
FT720P_MBP1314_X014D_id3_s0_90.png,0
FT720P_MBP1314_X014D_id4_s0_106.png,0
FT720P_MBP1314_X014D_id4_s0_121.png,0
FT720P_MBP1314_X014D_id4_s0_136.png,0
FT720P_MBP1314_X014D_id4_s0_151.png,0
FT720P_MBP1314_X014D_id4_s0_16.png,0
FT720P_MBP1314_X014D_id4_s0_31.png,0
FT720P_MBP1314_X014D_id4_s0_46.png,0
FT720P_MBP1314_X014D_id4_s0_61.png,0
FT720P_MBP1314_X014D_id4_s0_76.png,0
FT720P_MBP1314_X014D_id4_s0_91.png,0
FT720P_MBP1314_X014D_id7_s0_120.png,0
FT720P_MBP1314_X014D_id7_s0_135.png,0
FT720P_MBP1314_X014D_id7_s0_15.png,0
FT720P_MBP1314_X014D_id7_s0_150.png,0
FT720P_MBP1314_X014D_id8_s0_105.png,0
FT720P_MBP1314_X014D_id8_s0_135.png,0
FT720P_MBP1314_X014D_id8_s0_150.png,0
FT720P_MBP1314_X014D_id8_s0_75.png,0
FT720P_MBP1314_X014D_id8_s0_90.png,0
FT720P_MBP1314_X014D_id8_s1_105.png,0
FT720P_MBP1314_X014D_id8_s1_120.png,0
FT720P_MBP1314_X014D_id8_s1_135.png,0
FT720P_MBP1314_X014D_id8_s1_15.png,0
FT720P_MBP1314_X014D_id8_s1_150.png,0
FT720P_MBP1314_X014D_id8_s1_30.png,0
FT720P_MBP1314_X014D_id8_s1_45.png,0
FT720P_MBP1314_X014D_id8_s1_90.png,0
FT720P_NEC90GX2_ZC554KL_id1_s0_105.png,0
FT720P_NEC90GX2_ZC554KL_id1_s0_120.png,0
FT720P_NEC90GX2_ZC554KL_id1_s0_135.png,0
FT720P_NEC90GX2_ZC554KL_id1_s0_15.png,0
FT720P_NEC90GX2_ZC554KL_id1_s0_150.png,0
FT720P_NEC90GX2_ZC554KL_id1_s0_30.png,0
FT720P_NEC90GX2_ZC554KL_id1_s0_45.png,0
FT720P_NEC90GX2_ZC554KL_id1_s0_60.png,0
FT720P_NEC90GX2_ZC554KL_id1_s0_75.png,0
FT720P_NEC90GX2_ZC554KL_id1_s0_90.png,0
FT720P_NEC90GX2_ZC554KL_id1_s1_126.png,0
FT720P_NEC90GX2_ZC554KL_id1_s1_141.png,0
FT720P_NEC90GX2_ZC554KL_id1_s1_171.png,0
FT720P_NEC90GX2_ZC554KL_id1_s1_81.png,0
FT720P_NEC90GX2_ZC554KL_id2_s0_105.png,0
FT720P_NEC90GX2_ZC554KL_id2_s0_120.png,0
FT720P_NEC90GX2_ZC554KL_id2_s0_135.png,0
FT720P_NEC90GX2_ZC554KL_id2_s0_15.png,0
FT720P_NEC90GX2_ZC554KL_id2_s0_150.png,0
FT720P_NEC90GX2_ZC554KL_id2_s0_30.png,0
FT720P_NEC90GX2_ZC554KL_id2_s0_45.png,0
FT720P_NEC90GX2_ZC554KL_id2_s0_60.png,0
FT720P_NEC90GX2_ZC554KL_id2_s0_75.png,0
FT720P_NEC90GX2_ZC554KL_id2_s0_90.png,0
FT720P_NEC90GX2_ZC554KL_id3_s0_110.png,0
FT720P_NEC90GX2_ZC554KL_id3_s0_125.png,0
FT720P_NEC90GX2_ZC554KL_id3_s0_140.png,0
FT720P_NEC90GX2_ZC554KL_id3_s0_155.png,0
FT720P_NEC90GX2_ZC554KL_id3_s0_170.png,0
FT720P_NEC90GX2_ZC554KL_id3_s0_35.png,0
FT720P_NEC90GX2_ZC554KL_id3_s0_50.png,0
FT720P_NEC90GX2_ZC554KL_id3_s0_65.png,0
FT720P_NEC90GX2_ZC554KL_id3_s0_80.png,0
FT720P_NEC90GX2_ZC554KL_id3_s0_95.png,0
FT720P_NEC90GX2_ZC554KL_id3_s1_124.png,0
FT720P_NEC90GX2_ZC554KL_id3_s1_154.png,0
FT720P_NEC90GX2_ZC554KL_id3_s1_34.png,0
FT720P_NEC90GX2_ZC554KL_id3_s1_49.png,0
FT720P_NEC90GX2_ZC554KL_id3_s1_64.png,0
FT720P_NEC90GX2_ZC554KL_id3_s1_79.png,0
FT720P_NEC90GX2_ZC554KL_id3_s1_94.png,0
FT720P_NEC90GX2_ZC554KL_id4_s0_130.png,0
FT720P_NEC90GX2_ZC554KL_id4_s0_175.png,0
FT720P_NEC90GX2_ZC554KL_id4_s0_72.png,0
FT720P_NEC90GX2_ZC554KL_id4_s0_87.png,0
FT720P_NEC90GX2_ZC554KL_id4_s1_197.png,0
FT720P_NEC90GX2_ZC554KL_id7_s0_15.png,0
FT720P_NEC90GX2_ZC554KL_id8_s0_135.png,0
FT720P_NEC90GX2_ZC554KL_id8_s0_150.png,0
FT720P_SSM20B370_BQ5204_id1_s0_105.png,0
FT720P_SSM20B370_BQ5204_id1_s0_120.png,0
FT720P_SSM20B370_BQ5204_id1_s0_135.png,0
FT720P_SSM20B370_BQ5204_id1_s0_15.png,0
FT720P_SSM20B370_BQ5204_id1_s0_150.png,0
FT720P_SSM20B370_BQ5204_id1_s0_30.png,0
FT720P_SSM20B370_BQ5204_id1_s0_45.png,0
FT720P_SSM20B370_BQ5204_id1_s0_60.png,0
FT720P_SSM20B370_BQ5204_id1_s0_75.png,0
FT720P_SSM20B370_BQ5204_id1_s0_90.png,0
FT720P_SSM20B370_BQ5204_id2_s0_105.png,0
FT720P_SSM20B370_BQ5204_id2_s0_120.png,0
FT720P_SSM20B370_BQ5204_id2_s0_135.png,0
FT720P_SSM20B370_BQ5204_id2_s0_15.png,0
FT720P_SSM20B370_BQ5204_id2_s0_150.png,0
FT720P_SSM20B370_BQ5204_id2_s0_30.png,0
FT720P_SSM20B370_BQ5204_id2_s0_45.png,0
FT720P_SSM20B370_BQ5204_id2_s0_60.png,0
FT720P_SSM20B370_BQ5204_id2_s0_75.png,0
FT720P_SSM20B370_BQ5204_id2_s0_90.png,0
FT720P_SSM20B370_BQ5204_id2_s1_15.png,0
FT720P_SSM20B370_BQ5204_id3_s0_105.png,0
FT720P_SSM20B370_BQ5204_id3_s0_120.png,0
FT720P_SSM20B370_BQ5204_id3_s0_135.png,0
FT720P_SSM20B370_BQ5204_id3_s0_15.png,0
FT720P_SSM20B370_BQ5204_id3_s0_150.png,0
FT720P_SSM20B370_BQ5204_id3_s0_30.png,0
FT720P_SSM20B370_BQ5204_id3_s0_45.png,0
FT720P_SSM20B370_BQ5204_id3_s0_60.png,0
FT720P_SSM20B370_BQ5204_id3_s0_75.png,0
FT720P_SSM20B370_BQ5204_id3_s0_90.png,0
FT720P_SSM20B370_BQ5204_id7_s0_105.png,0
FT720P_SSM20B370_BQ5204_id7_s0_120.png,0
FT720P_SSM20B370_BQ5204_id7_s0_135.png,0
FT720P_SSM20B370_BQ5204_id7_s0_15.png,0
FT720P_SSM20B370_BQ5204_id7_s0_150.png,0
FT720P_SSM20B370_BQ5204_id7_s0_30.png,0
FT720P_SSM20B370_BQ5204_id7_s0_45.png,0
FT720P_SSM20B370_BQ5204_id7_s0_60.png,0
FT720P_SSM20B370_BQ5204_id7_s0_75.png,0
FT720P_SSM20B370_BQ5204_id7_s0_90.png,0
FT720P_SSM20B370_BQ5204_id8_s0_15.png,0
FT720P_SSM20B370_BQ5204_id8_s0_30.png,0
FT720P_SSM20B370_BQ5204_id8_s0_60.png,0
FT720P_SSM20B370_BQ5204_id8_s0_90.png,0
FT720P_SSM20B370_BQ5204_id8_s1_105.png,0
FT720P_SSM20B370_BQ5204_id8_s1_120.png,0
FT720P_SSM20B370_BQ5204_id8_s1_135.png,0
FT720P_SSM20B370_BQ5204_id8_s1_15.png,0
FT720P_SSM20B370_BQ5204_id8_s1_150.png,0
FT720P_SSM20B370_BQ5204_id8_s1_30.png,0
FT720P_SSM20B370_BQ5204_id8_s1_45.png,0
FT720P_SSM20B370_BQ5204_id8_s1_75.png,0
FT720P_SSM20B370_BQ5204_id8_s1_90.png,0
FT720P_SSM2433_S4508_id1_s0_105.png,0
FT720P_SSM2433_S4508_id1_s0_120.png,0
FT720P_SSM2433_S4508_id1_s0_135.png,0
FT720P_SSM2433_S4508_id1_s0_15.png,0
FT720P_SSM2433_S4508_id1_s0_150.png,0
FT720P_SSM2433_S4508_id1_s0_30.png,0
FT720P_SSM2433_S4508_id1_s0_45.png,0
FT720P_SSM2433_S4508_id1_s0_60.png,0
FT720P_SSM2433_S4508_id1_s0_75.png,0
FT720P_SSM2433_S4508_id1_s0_90.png,0
FT720P_SSM2433_S4508_id1_s1_105.png,0
FT720P_SSM2433_S4508_id1_s1_120.png,0
FT720P_SSM2433_S4508_id1_s1_135.png,0
FT720P_SSM2433_S4508_id1_s1_15.png,0
FT720P_SSM2433_S4508_id1_s1_150.png,0
FT720P_SSM2433_S4508_id1_s1_30.png,0
FT720P_SSM2433_S4508_id2_s0_105.png,0
FT720P_SSM2433_S4508_id2_s0_120.png,0
FT720P_SSM2433_S4508_id2_s0_135.png,0
FT720P_SSM2433_S4508_id2_s0_15.png,0
FT720P_SSM2433_S4508_id2_s0_150.png,0
FT720P_SSM2433_S4508_id2_s0_30.png,0
FT720P_SSM2433_S4508_id2_s0_45.png,0
FT720P_SSM2433_S4508_id2_s0_60.png,0
FT720P_SSM2433_S4508_id2_s0_75.png,0
FT720P_SSM2433_S4508_id2_s0_90.png,0
FT720P_SSM2433_S4508_id2_s1_105.png,0
FT720P_SSM2433_S4508_id2_s1_120.png,0
FT720P_SSM2433_S4508_id2_s1_135.png,0
FT720P_SSM2433_S4508_id2_s1_15.png,0
FT720P_SSM2433_S4508_id2_s1_150.png,0
FT720P_SSM2433_S4508_id2_s1_30.png,0
FT720P_SSM2433_S4508_id2_s1_45.png,0
FT720P_SSM2433_S4508_id2_s1_60.png,0
FT720P_SSM2433_S4508_id2_s1_75.png,0
FT720P_SSM2433_S4508_id2_s1_90.png,0
FT720P_SSM2433_S4508_id3_s0_105.png,0
FT720P_SSM2433_S4508_id3_s0_120.png,0
FT720P_SSM2433_S4508_id3_s0_135.png,0
FT720P_SSM2433_S4508_id3_s0_15.png,0
FT720P_SSM2433_S4508_id3_s0_150.png,0
FT720P_SSM2433_S4508_id3_s0_30.png,0
FT720P_SSM2433_S4508_id3_s0_45.png,0
FT720P_SSM2433_S4508_id3_s0_60.png,0
FT720P_SSM2433_S4508_id3_s0_75.png,0
FT720P_SSM2433_S4508_id3_s0_90.png,0
FT720P_SSM2433_S4508_id3_s1_105.png,0
FT720P_SSM2433_S4508_id3_s1_135.png,0
FT720P_SSM2433_S4508_id3_s1_150.png,0
FT720P_SSM2433_S4508_id3_s1_60.png,0
FT720P_SSM2433_S4508_id3_s1_75.png,0
FT720P_SSM2433_S4508_id3_s1_90.png,0
FT720P_SSM2433_S4508_id4_s0_105.png,0
FT720P_SSM2433_S4508_id4_s0_120.png,0
FT720P_SSM2433_S4508_id4_s0_135.png,0
FT720P_SSM2433_S4508_id4_s0_150.png,0
FT720P_SSM2433_S4508_id4_s0_30.png,0
FT720P_SSM2433_S4508_id4_s0_45.png,0
FT720P_SSM2433_S4508_id4_s0_60.png,0
FT720P_SSM2433_S4508_id4_s0_75.png,0
FT720P_SSM2433_S4508_id4_s1_161.png,0
FT720P_SSM2433_S4508_id4_s1_199.png,0
FT720P_SSM2433_S4508_id6_s0_102.png,0
FT720P_SSM2433_S4508_id6_s0_132.png,0
FT720P_SSM2433_S4508_id6_s0_147.png,0
FT720P_SSM2433_S4508_id6_s0_162.png,0
FT720P_SSM2433_S4508_id6_s0_27.png,0
FT720P_SSM2433_S4508_id6_s0_42.png,0
FT720P_SSM2433_S4508_id6_s0_57.png,0
FT720P_SSM2433_S4508_id6_s0_72.png,0
FT720P_SSM2433_S4508_id6_s0_87.png,0
FT720P_SSM2433_S4508_id6_s1_150.png,0
FT720P_SSM2433_S4508_id7_s0_15.png,0
FT720P_SSM2433_S4508_id7_s0_90.png,0
FT720P_SSM2433_S4508_id7_s1_103.png,0
FT720P_SSM2433_S4508_id7_s1_118.png,0
FT720P_SSM2433_S4508_id7_s1_133.png,0
FT720P_SSM2433_S4508_id7_s1_148.png,0
FT720P_SSM2433_S4508_id7_s1_15.png,0
FT720P_SSM2433_S4508_id7_s1_164.png,0
FT720P_SSM2433_S4508_id7_s1_43.png,0
FT720P_SSM2433_S4508_id7_s1_58.png,0
FT720P_SSM2433_S4508_id7_s1_73.png,0
FT720P_SSM2433_S4508_id7_s1_88.png,0
FT720P_SSM2433_S4508_id8_s0_120.png,0
FT720P_SSM2433_S4508_id8_s0_150.png,0
FT720P_SSM2433_S4508_id8_s0_30.png,0
FT720P_SSM2433_S4508_id8_s0_90.png,0
FT720P_SSM2433_S4508_id8_s1_105.png,0
FT720P_SSM2433_S4508_id8_s1_120.png,0
FT720P_SSM2433_S4508_id8_s1_135.png,0
FT720P_SSM2433_S4508_id8_s1_150.png,0
FT720P_SSM2433_S4508_id8_s1_30.png,0
FT720P_SSM2433_S4508_id8_s1_60.png,0
FT720P_SSM2433_S4508_id8_s1_75.png,0
FT720P_SSM2433_S4508_id8_s1_90.png,0
YOUTUBE_AA6000_HUAWEIY9_id33_s0_139.png,0
YOUTUBE_AA6000_HUAWEIY9_id33_s0_157.png,0
YOUTUBE_AA6000_HUAWEIY9_id33_s0_172.png,0
YOUTUBE_AA6000_HUAWEIY9_id33_s0_187.png,0
YOUTUBE_AA6000_HUAWEIY9_id33_s0_202.png,0
YOUTUBE_AA6000_HUAWEIY9_id33_s0_217.png,0
YOUTUBE_AA6000_HUAWEIY9_id33_s2_112.png,0
YOUTUBE_AA6000_HUAWEIY9_id33_s2_127.png,0
YOUTUBE_AA6000_HUAWEIY9_id33_s2_142.png,0
YOUTUBE_AA6000_HUAWEIY9_id33_s2_15.png,0
YOUTUBE_AA6000_HUAWEIY9_id33_s2_157.png,0
YOUTUBE_AA6000_HUAWEIY9_id33_s2_30.png,0
YOUTUBE_AA6000_HUAWEIY9_id33_s2_45.png,0
YOUTUBE_AA6000_HUAWEIY9_id33_s2_67.png,0
YOUTUBE_AA6000_HUAWEIY9_id33_s2_82.png,0
YOUTUBE_AA6000_HUAWEIY9_id33_s2_97.png,0
YOUTUBE_AA6000_HUAWEIY9_id50_s0_105.png,0
YOUTUBE_AA6000_HUAWEIY9_id50_s0_15.png,0
YOUTUBE_AA6000_HUAWEIY9_id50_s0_155.png,0
YOUTUBE_AA6000_HUAWEIY9_id50_s0_170.png,0
YOUTUBE_AA6000_HUAWEIY9_id50_s0_200.png,0
YOUTUBE_AA6000_HUAWEIY9_id50_s0_30.png,0
YOUTUBE_AA6000_HUAWEIY9_id50_s0_45.png,0
YOUTUBE_AA6000_HUAWEIY9_id50_s0_60.png,0
YOUTUBE_AA6000_HUAWEIY9_id50_s0_75.png,0
YOUTUBE_AA6000_HUAWEIY9_id50_s0_90.png,0
YOUTUBE_AAL1917_SGT3SMT310_id33_s0_69.png,0
YOUTUBE_AAL1917_SGT3SMT310_id33_s0_84.png,0
YOUTUBE_AAL1917_SGT3SMT310_id50_s0_24.png,0
YOUTUBE_AAR7_IPHONE4S_id41_s1_15.png,0
YOUTUBE_AAR7_IPHONE4S_id41_s1_30.png,0
YOUTUBE_AAR7_IPHONE4S_id41_s1_45.png,0
YOUTUBE_AAR7_IPHONE4S_id41_s1_60.png,0
YOUTUBE_AAR7_IPHONE4S_id41_s1_75.png,0
YOUTUBE_AAR7_IPHONE4S_id47_s1_114.png,0
YOUTUBE_AAR7_IPHONE4S_id47_s1_129.png,0
YOUTUBE_AAR7_IPHONE4S_id47_s1_144.png,0
YOUTUBE_AAR7_IPHONE4S_id47_s1_15.png,0
YOUTUBE_AAR7_IPHONE4S_id47_s1_159.png,0
YOUTUBE_AAR7_IPHONE4S_id47_s1_30.png,0
YOUTUBE_AAR7_IPHONE4S_id47_s1_45.png,0
YOUTUBE_AAR7_IPHONE4S_id47_s1_60.png,0
YOUTUBE_AAR7_IPHONE4S_id47_s1_75.png,0
YOUTUBE_AAR7_IPHONE4S_id47_s1_90.png,0
YOUTUBE_AAR7_IPHONE4S_id57_s0_115.png,0
YOUTUBE_AAR7_IPHONE4S_id57_s0_131.png,0
YOUTUBE_AAR7_IPHONE4S_id57_s0_146.png,0
YOUTUBE_AAR7_IPHONE4S_id57_s0_161.png,0
YOUTUBE_AAR7_IPHONE4S_id57_s0_23.png,0
YOUTUBE_AAR7_IPHONE4S_id57_s0_38.png,0
YOUTUBE_AAR7_IPHONE4S_id57_s0_53.png,0
YOUTUBE_AAR7_IPHONE4S_id57_s0_68.png,0
YOUTUBE_AAR7_IPHONE4S_id57_s0_83.png,0
YOUTUBE_AAR7_IPHONE4S_id57_s0_98.png,0
YOUTUBE_ACER5820TG_REDMI4A_id33_s0_166.png,0
YOUTUBE_ACER5820TG_REDMI4A_id33_s0_181.png,0
YOUTUBE_ACER5820TG_REDMI4A_id33_s0_196.png,0
YOUTUBE_ACER5820TG_REDMI4A_id33_s0_211.png,0
YOUTUBE_ACER5820TG_REDMI4A_id33_s2_112.png,0
YOUTUBE_ACER5820TG_REDMI4A_id33_s2_127.png,0
YOUTUBE_ACER5820TG_REDMI4A_id33_s2_15.png,0
YOUTUBE_ACER5820TG_REDMI4A_id33_s2_162.png,0
YOUTUBE_ACER5820TG_REDMI4A_id33_s2_186.png,0
YOUTUBE_ACER5820TG_REDMI4A_id33_s2_210.png,0
YOUTUBE_ACER5820TG_REDMI4A_id33_s2_30.png,0
YOUTUBE_ACER5820TG_REDMI4A_id33_s2_45.png,0
YOUTUBE_ACER5820TG_REDMI4A_id33_s2_72.png,0
YOUTUBE_ACER5820TG_REDMI4A_id33_s2_97.png,0
YOUTUBE_ACER5820TG_REDMI4A_id50_s0_105.png,0
YOUTUBE_ACER5820TG_REDMI4A_id50_s0_120.png,0
YOUTUBE_ACER5820TG_REDMI4A_id50_s0_135.png,0
YOUTUBE_ACER5820TG_REDMI4A_id50_s0_15.png,0
YOUTUBE_ACER5820TG_REDMI4A_id50_s0_150.png,0
YOUTUBE_ACER5820TG_REDMI4A_id50_s0_30.png,0
YOUTUBE_ACER5820TG_REDMI4A_id50_s0_45.png,0
YOUTUBE_ACER5820TG_REDMI4A_id50_s0_60.png,0
YOUTUBE_ACER5820TG_REDMI4A_id50_s0_75.png,0
YOUTUBE_ACER5820TG_REDMI4A_id50_s0_90.png,0
YOUTUBE_AEEX2511G323A_IPHONE6SF_id33_s1_105.png,0
YOUTUBE_AEEX2511G323A_IPHONE6SF_id33_s1_120.png,0
YOUTUBE_AEEX2511G323A_IPHONE6SF_id33_s1_15.png,0
YOUTUBE_AEEX2511G323A_IPHONE6SF_id33_s1_160.png,0
YOUTUBE_AEEX2511G323A_IPHONE6SF_id33_s1_30.png,0
YOUTUBE_AEEX2511G323A_IPHONE6SF_id33_s1_45.png,0
YOUTUBE_AEEX2511G323A_IPHONE6SF_id33_s1_60.png,0
YOUTUBE_AEEX2511G323A_IPHONE6SF_id33_s1_75.png,0
YOUTUBE_AEEX2511G323A_IPHONE6SF_id33_s1_90.png,0
YOUTUBE_AEEX2511G323A_IPHONE6SF_id44_s0_105.png,0
YOUTUBE_AEEX2511G323A_IPHONE6SF_id44_s0_120.png,0
YOUTUBE_AEEX2511G323A_IPHONE6SF_id44_s0_135.png,0
YOUTUBE_AEEX2511G323A_IPHONE6SF_id44_s0_15.png,0
YOUTUBE_AEEX2511G323A_IPHONE6SF_id44_s0_150.png,0
YOUTUBE_AEEX2511G323A_IPHONE6SF_id44_s0_30.png,0
YOUTUBE_AEEX2511G323A_IPHONE6SF_id44_s0_45.png,0
YOUTUBE_AEEX2511G323A_IPHONE6SF_id44_s0_60.png,0
YOUTUBE_AEEX2511G323A_IPHONE6SF_id44_s0_75.png,0
YOUTUBE_AEEX2511G323A_IPHONE6SF_id44_s0_90.png,0
YOUTUBE_AEEX2511G323A_IPHONE6SF_id47_s0_105.png,0
YOUTUBE_AEEX2511G323A_IPHONE6SF_id47_s0_120.png,0
YOUTUBE_AEEX2511G323A_IPHONE6SF_id47_s0_135.png,0
YOUTUBE_AEEX2511G323A_IPHONE6SF_id47_s0_15.png,0
YOUTUBE_AEEX2511G323A_IPHONE6SF_id47_s0_30.png,0
YOUTUBE_AEEX2511G323A_IPHONE6SF_id47_s0_45.png,0
YOUTUBE_AEEX2511G323A_IPHONE6SF_id47_s0_60.png,0
YOUTUBE_AEEX2511G323A_IPHONE6SF_id47_s0_75.png,0
YOUTUBE_AEEX2511G323A_IPHONE6SF_id47_s0_90.png,0
YOUTUBE_AEEX2511G323A_IPHONE6SF_id47_s2_110.png,0
YOUTUBE_AEEX2511G323A_IPHONE6SF_id47_s2_125.png,0
YOUTUBE_AEEX2511G323A_IPHONE6SF_id47_s2_140.png,0
YOUTUBE_AEEX2511G323A_IPHONE6SF_id47_s2_155.png,0
YOUTUBE_AEEX2511G323A_IPHONE6SF_id47_s2_170.png,0
YOUTUBE_AEEX2511G323A_IPHONE6SF_id47_s2_185.png,0
YOUTUBE_AEEX2511G323A_IPHONE6SF_id47_s2_200.png,0
YOUTUBE_AEEX2511G323A_IPHONE6SF_id47_s2_56.png,0
YOUTUBE_AEEX2511G323A_IPHONE6SF_id47_s2_79.png,0
YOUTUBE_AEEX2511G323A_IPHONE6SF_id47_s2_94.png,0
YOUTUBE_AEEX2511G323A_IPHONE6SF_id47_s3_105.png,0
YOUTUBE_AEEX2511G323A_IPHONE6SF_id47_s3_120.png,0
YOUTUBE_AEEX2511G323A_IPHONE6SF_id47_s3_135.png,0
YOUTUBE_AEEX2511G323A_IPHONE6SF_id47_s3_15.png,0
YOUTUBE_AEEX2511G323A_IPHONE6SF_id47_s3_150.png,0
YOUTUBE_AEEX2511G323A_IPHONE6SF_id47_s3_30.png,0
YOUTUBE_AEEX2511G323A_IPHONE6SF_id47_s3_45.png,0
YOUTUBE_AEEX2511G323A_IPHONE6SF_id47_s3_60.png,0
YOUTUBE_AEEX2511G323A_IPHONE6SF_id47_s3_75.png,0
YOUTUBE_AEEX2511G323A_IPHONE6SF_id47_s3_90.png,0
YOUTUBE_AEEX2511G323A_IPHONE6SF_id56_s0_111.png,0
YOUTUBE_AEEX2511G323A_IPHONE6SF_id56_s0_126.png,0
YOUTUBE_AEEX2511G323A_IPHONE6SF_id56_s0_141.png,0
YOUTUBE_AEEX2511G323A_IPHONE6SF_id56_s0_156.png,0
YOUTUBE_AEEX2511G323A_IPHONE6SF_id56_s0_174.png,0
YOUTUBE_AEEX2511G323A_IPHONE6SF_id56_s0_24.png,0
YOUTUBE_AEEX2511G323A_IPHONE6SF_id56_s0_39.png,0
YOUTUBE_AEEX2511G323A_IPHONE6SF_id56_s0_54.png,0
YOUTUBE_AEEX2511G323A_IPHONE6SF_id57_s1_111.png,0
YOUTUBE_AEEX2511G323A_IPHONE6SF_id57_s1_126.png,0
YOUTUBE_AEEX2511G323A_IPHONE6SF_id57_s1_15.png,0
YOUTUBE_AEEX2511G323A_IPHONE6SF_id57_s1_223.png,0
YOUTUBE_AEEX2511G323A_IPHONE6SF_id57_s1_238.png,0
YOUTUBE_AEEX2511G323A_IPHONE6SF_id57_s1_30.png,0
YOUTUBE_AEEX2511G323A_IPHONE6SF_id57_s1_45.png,0
YOUTUBE_AEEX2511G323A_IPHONE6SF_id57_s1_63.png,0
YOUTUBE_AEEX2511G323A_IPHONE6SF_id57_s1_96.png,0
YOUTUBE_AEME725_HONOR6CP_id31_s0_142.png,0
YOUTUBE_AEME725_HONOR6CP_id31_s0_159.png,0
YOUTUBE_AEME725_HONOR6CP_id31_s0_189.png,0
YOUTUBE_AEME725_HONOR6CP_id31_s0_204.png,0
YOUTUBE_AEME725_HONOR6CP_id31_s0_224.png,0
YOUTUBE_AEME725_HONOR6CP_id31_s0_24.png,0
YOUTUBE_AEME725_HONOR6CP_id31_s0_45.png,0
YOUTUBE_AEME725_HONOR6CP_id31_s0_68.png,0
YOUTUBE_AEME725_HONOR6CP_id31_s0_83.png,0
YOUTUBE_AEME725_HONOR6CP_id33_s0_100.png,0
YOUTUBE_AEME725_HONOR6CP_id33_s0_127.png,0
YOUTUBE_AEME725_HONOR6CP_id33_s0_142.png,0
YOUTUBE_AEME725_HONOR6CP_id33_s0_157.png,0
YOUTUBE_AEME725_HONOR6CP_id33_s0_172.png,0
YOUTUBE_AEME725_HONOR6CP_id33_s0_187.png,0
YOUTUBE_AEME725_HONOR6CP_id33_s0_78.png,0
YOUTUBE_AEME725_HONOR6CP_id33_s2_100.png,0
YOUTUBE_AEME725_HONOR6CP_id33_s2_127.png,0
YOUTUBE_AEME725_HONOR6CP_id33_s2_18.png,0
YOUTUBE_AEME725_HONOR6CP_id33_s2_185.png,0
YOUTUBE_AEME725_HONOR6CP_id33_s2_209.png,0
YOUTUBE_AEME725_HONOR6CP_id33_s2_45.png,0
YOUTUBE_AEME725_HONOR6CP_id34_s0_108.png,0
YOUTUBE_AEME725_HONOR6CP_id34_s0_123.png,0
YOUTUBE_AEME725_HONOR6CP_id34_s0_138.png,0
YOUTUBE_AEME725_HONOR6CP_id34_s0_153.png,0
YOUTUBE_AEME725_HONOR6CP_id34_s0_168.png,0
YOUTUBE_AEME725_HONOR6CP_id34_s0_183.png,0
YOUTUBE_AEME725_HONOR6CP_id34_s0_198.png,0
YOUTUBE_AEME725_HONOR6CP_id34_s0_213.png,0
YOUTUBE_AEME725_HONOR6CP_id34_s0_48.png,0
YOUTUBE_AEME725_HONOR6CP_id34_s0_93.png,0
YOUTUBE_AEME725_HONOR6CP_id36_s0_105.png,0
YOUTUBE_AEME725_HONOR6CP_id36_s0_127.png,0
YOUTUBE_AEME725_HONOR6CP_id36_s0_142.png,0
YOUTUBE_AEME725_HONOR6CP_id36_s0_15.png,0
YOUTUBE_AEME725_HONOR6CP_id36_s0_157.png,0
YOUTUBE_AEME725_HONOR6CP_id36_s0_30.png,0
YOUTUBE_AEME725_HONOR6CP_id36_s0_45.png,0
YOUTUBE_AEME725_HONOR6CP_id36_s0_60.png,0
YOUTUBE_AEME725_HONOR6CP_id36_s0_75.png,0
YOUTUBE_AEME725_HONOR6CP_id41_s1_15.png,0
YOUTUBE_AEME725_HONOR6CP_id41_s1_30.png,0
YOUTUBE_AEME725_HONOR6CP_id41_s1_45.png,0
YOUTUBE_AEME725_HONOR6CP_id41_s1_60.png,0
YOUTUBE_AEME725_HONOR6CP_id41_s1_75.png,0
YOUTUBE_AEME725_HONOR6CP_id47_s1_105.png,0
YOUTUBE_AEME725_HONOR6CP_id47_s1_120.png,0
YOUTUBE_AEME725_HONOR6CP_id47_s1_135.png,0
YOUTUBE_AEME725_HONOR6CP_id47_s1_15.png,0
YOUTUBE_AEME725_HONOR6CP_id47_s1_150.png,0
YOUTUBE_AEME725_HONOR6CP_id47_s1_30.png,0
YOUTUBE_AEME725_HONOR6CP_id47_s1_45.png,0
YOUTUBE_AEME725_HONOR6CP_id47_s1_60.png,0
YOUTUBE_AEME725_HONOR6CP_id47_s1_75.png,0
YOUTUBE_AEME725_HONOR6CP_id47_s1_90.png,0
YOUTUBE_AEME725_HONOR6CP_id50_s0_106.png,0
YOUTUBE_AEME725_HONOR6CP_id50_s0_133.png,0
YOUTUBE_AEME725_HONOR6CP_id50_s0_148.png,0
YOUTUBE_AEME725_HONOR6CP_id50_s0_16.png,0
YOUTUBE_AEME725_HONOR6CP_id50_s0_163.png,0
YOUTUBE_AEME725_HONOR6CP_id50_s0_31.png,0
YOUTUBE_AEME725_HONOR6CP_id50_s0_46.png,0
YOUTUBE_AEME725_HONOR6CP_id50_s0_61.png,0
YOUTUBE_AEME725_HONOR6CP_id50_s0_76.png,0
YOUTUBE_AEME725_HONOR6CP_id50_s0_91.png,0
YOUTUBE_AEME725_HONOR6CP_id51_s0_107.png,0
YOUTUBE_AEME725_HONOR6CP_id51_s0_122.png,0
YOUTUBE_AEME725_HONOR6CP_id51_s0_137.png,0
YOUTUBE_AEME725_HONOR6CP_id51_s0_152.png,0
YOUTUBE_AEME725_HONOR6CP_id51_s0_184.png,0
YOUTUBE_AEME725_HONOR6CP_id51_s0_220.png,0
YOUTUBE_AEME725_HONOR6CP_id51_s0_47.png,0
YOUTUBE_AEME725_HONOR6CP_id51_s0_62.png,0
YOUTUBE_AEME725_HONOR6CP_id51_s0_77.png,0
YOUTUBE_AEME725_HONOR6CP_id51_s0_92.png,0
YOUTUBE_AEME725_HONOR6CP_id56_s1_100.png,0
YOUTUBE_AEME725_HONOR6CP_id56_s1_115.png,0
YOUTUBE_AEME725_HONOR6CP_id56_s1_130.png,0
YOUTUBE_AEME725_HONOR6CP_id56_s1_146.png,0
YOUTUBE_AEME725_HONOR6CP_id56_s1_15.png,0
YOUTUBE_AEME725_HONOR6CP_id56_s1_168.png,0
YOUTUBE_AEME725_HONOR6CP_id56_s1_30.png,0
YOUTUBE_AEME725_HONOR6CP_id56_s1_45.png,0
YOUTUBE_AEME725_HONOR6CP_id56_s1_60.png,0
YOUTUBE_AEME725_HONOR6CP_id56_s1_75.png,0
YOUTUBE_AEME725_HONOR6CP_id57_s0_113.png,0
YOUTUBE_AEME725_HONOR6CP_id57_s0_128.png,0
YOUTUBE_AEME725_HONOR6CP_id57_s0_144.png,0
YOUTUBE_AEME725_HONOR6CP_id57_s0_15.png,0
YOUTUBE_AEME725_HONOR6CP_id57_s0_159.png,0
YOUTUBE_AEME725_HONOR6CP_id57_s0_30.png,0
YOUTUBE_AEME725_HONOR6CP_id57_s0_45.png,0
YOUTUBE_AEME725_HONOR6CP_id57_s0_60.png,0
YOUTUBE_AEME725_HONOR6CP_id57_s0_75.png,0
YOUTUBE_AEME725_HONOR6CP_id57_s0_90.png,0
YOUTUBE_AEME725_HONOR6CP_id59_s0_105.png,0
YOUTUBE_AEME725_HONOR6CP_id59_s0_120.png,0
YOUTUBE_AEME725_HONOR6CP_id59_s0_147.png,0
YOUTUBE_AEME725_HONOR6CP_id59_s0_15.png,0
YOUTUBE_AEME725_HONOR6CP_id59_s0_162.png,0
YOUTUBE_AEME725_HONOR6CP_id59_s0_30.png,0
YOUTUBE_AEME725_HONOR6CP_id59_s0_45.png,0
YOUTUBE_AEME725_HONOR6CP_id59_s0_60.png,0
YOUTUBE_AEME725_HONOR6CP_id59_s0_75.png,0
YOUTUBE_AEME725_HONOR6CP_id59_s0_90.png,0
YOUTUBE_AEUNKNOWN_BQS5025_id33_s1_105.png,0
YOUTUBE_AEUNKNOWN_BQS5025_id33_s1_132.png,0
YOUTUBE_AEUNKNOWN_BQS5025_id33_s1_147.png,0
YOUTUBE_AEUNKNOWN_BQS5025_id33_s1_15.png,0
YOUTUBE_AEUNKNOWN_BQS5025_id33_s1_30.png,0
YOUTUBE_AEUNKNOWN_BQS5025_id33_s1_45.png,0
YOUTUBE_AEUNKNOWN_BQS5025_id33_s1_60.png,0
YOUTUBE_AEUNKNOWN_BQS5025_id33_s1_75.png,0
YOUTUBE_AEUNKNOWN_BQS5025_id33_s1_90.png,0
YOUTUBE_AEUNKNOWN_BQS5025_id44_s0_105.png,0
YOUTUBE_AEUNKNOWN_BQS5025_id44_s0_120.png,0
YOUTUBE_AEUNKNOWN_BQS5025_id44_s0_135.png,0
YOUTUBE_AEUNKNOWN_BQS5025_id44_s0_15.png,0
YOUTUBE_AEUNKNOWN_BQS5025_id44_s0_150.png,0
YOUTUBE_AEUNKNOWN_BQS5025_id44_s0_30.png,0
YOUTUBE_AEUNKNOWN_BQS5025_id44_s0_45.png,0
YOUTUBE_AEUNKNOWN_BQS5025_id44_s0_60.png,0
YOUTUBE_AEUNKNOWN_BQS5025_id44_s0_75.png,0
YOUTUBE_AEUNKNOWN_BQS5025_id44_s0_90.png,0
YOUTUBE_AEUNKNOWN_BQS5025_id47_s0_106.png,0
YOUTUBE_AEUNKNOWN_BQS5025_id47_s0_121.png,0
YOUTUBE_AEUNKNOWN_BQS5025_id47_s0_15.png,0
YOUTUBE_AEUNKNOWN_BQS5025_id47_s0_161.png,0
YOUTUBE_AEUNKNOWN_BQS5025_id47_s0_177.png,0
YOUTUBE_AEUNKNOWN_BQS5025_id47_s0_30.png,0
YOUTUBE_AEUNKNOWN_BQS5025_id47_s0_45.png,0
YOUTUBE_AEUNKNOWN_BQS5025_id47_s0_61.png,0
YOUTUBE_AEUNKNOWN_BQS5025_id47_s0_76.png,0
YOUTUBE_AEUNKNOWN_BQS5025_id47_s0_91.png,0
YOUTUBE_AEUNKNOWN_BQS5025_id47_s2_100.png,0
YOUTUBE_AEUNKNOWN_BQS5025_id47_s2_115.png,0
YOUTUBE_AEUNKNOWN_BQS5025_id47_s2_130.png,0
YOUTUBE_AEUNKNOWN_BQS5025_id47_s2_145.png,0
YOUTUBE_AEUNKNOWN_BQS5025_id47_s2_160.png,0
YOUTUBE_AEUNKNOWN_BQS5025_id47_s2_175.png,0
YOUTUBE_AEUNKNOWN_BQS5025_id47_s2_40.png,0
YOUTUBE_AEUNKNOWN_BQS5025_id47_s2_55.png,0
YOUTUBE_AEUNKNOWN_BQS5025_id47_s2_70.png,0
YOUTUBE_AEUNKNOWN_BQS5025_id47_s2_85.png,0
YOUTUBE_AEUNKNOWN_BQS5025_id47_s3_105.png,0
YOUTUBE_AEUNKNOWN_BQS5025_id47_s3_120.png,0
YOUTUBE_AEUNKNOWN_BQS5025_id47_s3_135.png,0
YOUTUBE_AEUNKNOWN_BQS5025_id47_s3_15.png,0
YOUTUBE_AEUNKNOWN_BQS5025_id47_s3_150.png,0
YOUTUBE_AEUNKNOWN_BQS5025_id47_s3_30.png,0
YOUTUBE_AEUNKNOWN_BQS5025_id47_s3_45.png,0
YOUTUBE_AEUNKNOWN_BQS5025_id47_s3_60.png,0
YOUTUBE_AEUNKNOWN_BQS5025_id47_s3_75.png,0
YOUTUBE_AEUNKNOWN_BQS5025_id47_s3_90.png,0
YOUTUBE_AEUNKNOWN_BQS5025_id56_s0_104.png,0
YOUTUBE_AEUNKNOWN_BQS5025_id56_s0_119.png,0
YOUTUBE_AEUNKNOWN_BQS5025_id56_s0_134.png,0
YOUTUBE_AEUNKNOWN_BQS5025_id56_s0_16.png,0
YOUTUBE_AEUNKNOWN_BQS5025_id56_s0_31.png,0
YOUTUBE_AEUNKNOWN_BQS5025_id56_s0_46.png,0
YOUTUBE_AEUNKNOWN_BQS5025_id56_s0_89.png,0
YOUTUBE_AEUNKNOWN_BQS5025_id57_s1_15.png,0
YOUTUBE_AEUNKNOWN_BQS5025_id57_s1_182.png,0
YOUTUBE_AEUNKNOWN_BQS5025_id57_s1_30.png,0
YOUTUBE_AK73S_REDMI3S_id33_s0_101.png,0
YOUTUBE_AK73S_REDMI3S_id33_s0_116.png,0
YOUTUBE_AK73S_REDMI3S_id33_s0_131.png,0
YOUTUBE_AK73S_REDMI3S_id33_s0_85.png,0
YOUTUBE_AK73S_REDMI3S_id33_s2_100.png,0
YOUTUBE_AK73S_REDMI3S_id33_s2_18.png,0
YOUTUBE_AK73S_REDMI3S_id50_s0_152.png,0
YOUTUBE_AK73S_REDMI3S_id50_s0_16.png,0
YOUTUBE_AK73S_REDMI3S_id50_s0_167.png,0
YOUTUBE_AK73S_REDMI3S_id50_s0_187.png,0
YOUTUBE_AK73S_REDMI3S_id50_s0_31.png,0
YOUTUBE_AK73S_REDMI3S_id50_s0_46.png,0
YOUTUBE_AK73S_REDMI3S_id50_s0_61.png,0
YOUTUBE_AK73S_REDMI3S_id50_s0_76.png,0
YOUTUBE_ALUNKNOWN_DOOX5_id33_s1_102.png,0
YOUTUBE_ALUNKNOWN_DOOX5_id33_s1_117.png,0
YOUTUBE_ALUNKNOWN_DOOX5_id33_s1_132.png,0
YOUTUBE_ALUNKNOWN_DOOX5_id33_s1_147.png,0
YOUTUBE_ALUNKNOWN_DOOX5_id33_s1_15.png,0
YOUTUBE_ALUNKNOWN_DOOX5_id33_s1_162.png,0
YOUTUBE_ALUNKNOWN_DOOX5_id33_s1_30.png,0
YOUTUBE_ALUNKNOWN_DOOX5_id33_s1_45.png,0
YOUTUBE_ALUNKNOWN_DOOX5_id33_s1_60.png,0
YOUTUBE_ALUNKNOWN_DOOX5_id44_s0_105.png,0
YOUTUBE_ALUNKNOWN_DOOX5_id44_s0_120.png,0
YOUTUBE_ALUNKNOWN_DOOX5_id44_s0_135.png,0
YOUTUBE_ALUNKNOWN_DOOX5_id44_s0_15.png,0
YOUTUBE_ALUNKNOWN_DOOX5_id44_s0_150.png,0
YOUTUBE_ALUNKNOWN_DOOX5_id44_s0_30.png,0
YOUTUBE_ALUNKNOWN_DOOX5_id44_s0_45.png,0
YOUTUBE_ALUNKNOWN_DOOX5_id44_s0_60.png,0
YOUTUBE_ALUNKNOWN_DOOX5_id44_s0_75.png,0
YOUTUBE_ALUNKNOWN_DOOX5_id44_s0_90.png,0
YOUTUBE_ALUNKNOWN_DOOX5_id47_s0_110.png,0
YOUTUBE_ALUNKNOWN_DOOX5_id47_s0_133.png,0
YOUTUBE_ALUNKNOWN_DOOX5_id47_s0_15.png,0
YOUTUBE_ALUNKNOWN_DOOX5_id47_s0_30.png,0
YOUTUBE_ALUNKNOWN_DOOX5_id47_s0_45.png,0
YOUTUBE_ALUNKNOWN_DOOX5_id47_s0_60.png,0
YOUTUBE_ALUNKNOWN_DOOX5_id47_s0_75.png,0
YOUTUBE_ALUNKNOWN_DOOX5_id47_s0_90.png,0
YOUTUBE_ALUNKNOWN_DOOX5_id47_s2_105.png,0
YOUTUBE_ALUNKNOWN_DOOX5_id47_s2_120.png,0
YOUTUBE_ALUNKNOWN_DOOX5_id47_s2_135.png,0
YOUTUBE_ALUNKNOWN_DOOX5_id47_s2_15.png,0
YOUTUBE_ALUNKNOWN_DOOX5_id47_s2_150.png,0
YOUTUBE_ALUNKNOWN_DOOX5_id47_s2_30.png,0
YOUTUBE_ALUNKNOWN_DOOX5_id47_s2_45.png,0
YOUTUBE_ALUNKNOWN_DOOX5_id47_s2_60.png,0
YOUTUBE_ALUNKNOWN_DOOX5_id47_s2_75.png,0
YOUTUBE_ALUNKNOWN_DOOX5_id47_s2_90.png,0
YOUTUBE_ALUNKNOWN_DOOX5_id47_s3_105.png,0
YOUTUBE_ALUNKNOWN_DOOX5_id47_s3_120.png,0
YOUTUBE_ALUNKNOWN_DOOX5_id47_s3_135.png,0
YOUTUBE_ALUNKNOWN_DOOX5_id47_s3_15.png,0
YOUTUBE_ALUNKNOWN_DOOX5_id47_s3_150.png,0
YOUTUBE_ALUNKNOWN_DOOX5_id47_s3_30.png,0
YOUTUBE_ALUNKNOWN_DOOX5_id47_s3_45.png,0
YOUTUBE_ALUNKNOWN_DOOX5_id47_s3_60.png,0
YOUTUBE_ALUNKNOWN_DOOX5_id47_s3_75.png,0
YOUTUBE_ALUNKNOWN_DOOX5_id47_s3_90.png,0
YOUTUBE_ALUNKNOWN_DOOX5_id56_s0_101.png,0
YOUTUBE_ALUNKNOWN_DOOX5_id56_s0_15.png,0
YOUTUBE_ALUNKNOWN_DOOX5_id56_s0_30.png,0
YOUTUBE_ALUNKNOWN_DOOX5_id56_s0_71.png,0
YOUTUBE_ALUNKNOWN_DOOX5_id56_s0_86.png,0
YOUTUBE_ALUNKNOWN_DOOX5_id57_s1_146.png,0
YOUTUBE_ALUNKNOWN_DOOX5_id57_s1_15.png,0
YOUTUBE_ALUNKNOWN_DOOX5_id57_s1_30.png,0
YOUTUBE_ASM710N_MEIZUM2MINI_id41_s1_15.png,0
YOUTUBE_ASM710N_MEIZUM2MINI_id41_s1_30.png,0
YOUTUBE_ASM710N_MEIZUM2MINI_id47_s1_105.png,0
YOUTUBE_ASM710N_MEIZUM2MINI_id47_s1_15.png,0
YOUTUBE_ASM710N_MEIZUM2MINI_id47_s1_45.png,0
YOUTUBE_ASM710N_MEIZUM2MINI_id47_s1_60.png,0
YOUTUBE_ASM710N_MEIZUM2MINI_id47_s1_75.png,0
YOUTUBE_ASM710N_MEIZUM2MINI_id47_s1_90.png,0
YOUTUBE_ASM710N_MEIZUM2MINI_id57_s0_108.png,0
YOUTUBE_ASM710N_MEIZUM2MINI_id57_s0_16.png,0
YOUTUBE_ASM710N_MEIZUM2MINI_id57_s0_32.png,0
YOUTUBE_ASM710N_MEIZUM2MINI_id57_s0_55.png,0
YOUTUBE_ASM710N_MEIZUM2MINI_id57_s0_74.png,0
YOUTUBE_ASM710N_MEIZUM2MINI_id57_s0_93.png,0
YOUTUBE_ATMP253MG_XIAOMIMI6_id33_s0_113.png,0
YOUTUBE_ATMP253MG_XIAOMIMI6_id33_s0_128.png,0
YOUTUBE_ATMP253MG_XIAOMIMI6_id33_s0_143.png,0
YOUTUBE_ATMP253MG_XIAOMIMI6_id33_s0_158.png,0
YOUTUBE_ATMP253MG_XIAOMIMI6_id33_s0_173.png,0
YOUTUBE_ATMP253MG_XIAOMIMI6_id33_s0_188.png,0
YOUTUBE_ATMP253MG_XIAOMIMI6_id33_s0_203.png,0
YOUTUBE_ATMP253MG_XIAOMIMI6_id33_s0_218.png,0
YOUTUBE_ATMP253MG_XIAOMIMI6_id50_s0_105.png,0
YOUTUBE_ATMP253MG_XIAOMIMI6_id50_s0_123.png,0
YOUTUBE_ATMP253MG_XIAOMIMI6_id50_s0_138.png,0
YOUTUBE_ATMP253MG_XIAOMIMI6_id50_s0_15.png,0
YOUTUBE_ATMP253MG_XIAOMIMI6_id50_s0_153.png,0
YOUTUBE_ATMP253MG_XIAOMIMI6_id50_s0_30.png,0
YOUTUBE_ATMP253MG_XIAOMIMI6_id50_s0_45.png,0
YOUTUBE_ATMP253MG_XIAOMIMI6_id50_s0_60.png,0
YOUTUBE_ATMP253MG_XIAOMIMI6_id50_s0_75.png,0
YOUTUBE_ATMP253MG_XIAOMIMI6_id50_s0_90.png,0
YOUTUBE_AUNKNOWN_HUAWEIU22_id41_s1_15.png,0
YOUTUBE_AUNKNOWN_HUAWEIU22_id41_s1_30.png,0
YOUTUBE_AUNKNOWN_HUAWEIU22_id41_s1_45.png,0
YOUTUBE_AUNKNOWN_HUAWEIU22_id41_s1_60.png,0
YOUTUBE_AUNKNOWN_HUAWEIU22_id41_s1_75.png,0
YOUTUBE_AUNKNOWN_HUAWEIU22_id47_s1_105.png,0
YOUTUBE_AUNKNOWN_HUAWEIU22_id47_s1_120.png,0
YOUTUBE_AUNKNOWN_HUAWEIU22_id47_s1_135.png,0
YOUTUBE_AUNKNOWN_HUAWEIU22_id47_s1_15.png,0
YOUTUBE_AUNKNOWN_HUAWEIU22_id47_s1_150.png,0
YOUTUBE_AUNKNOWN_HUAWEIU22_id47_s1_30.png,0
YOUTUBE_AUNKNOWN_HUAWEIU22_id47_s1_60.png,0
YOUTUBE_AUNKNOWN_HUAWEIU22_id47_s1_75.png,0
YOUTUBE_AUNKNOWN_HUAWEIU22_id47_s1_90.png,0
YOUTUBE_AV203H_LEREELE3_id41_s1_15.png,0
YOUTUBE_AV203H_LEREELE3_id41_s1_30.png,0
YOUTUBE_AV203H_LEREELE3_id41_s1_45.png,0
YOUTUBE_AV203H_LEREELE3_id41_s1_60.png,0
YOUTUBE_AV203H_LEREELE3_id41_s1_75.png,0
YOUTUBE_AV203H_LEREELE3_id47_s1_105.png,0
YOUTUBE_AV203H_LEREELE3_id47_s1_120.png,0
YOUTUBE_AV203H_LEREELE3_id47_s1_135.png,0
YOUTUBE_AV203H_LEREELE3_id47_s1_15.png,0
YOUTUBE_AV203H_LEREELE3_id47_s1_150.png,0
YOUTUBE_AV203H_LEREELE3_id47_s1_30.png,0
YOUTUBE_AV203H_LEREELE3_id47_s1_45.png,0
YOUTUBE_AV203H_LEREELE3_id47_s1_60.png,0
YOUTUBE_AV203H_LEREELE3_id47_s1_75.png,0
YOUTUBE_AV203H_LEREELE3_id47_s1_90.png,0
YOUTUBE_AV203H_LEREELE3_id57_s0_105.png,0
YOUTUBE_AV203H_LEREELE3_id57_s0_124.png,0
YOUTUBE_AV203H_LEREELE3_id57_s0_149.png,0
YOUTUBE_AV203H_LEREELE3_id57_s0_15.png,0
YOUTUBE_AV203H_LEREELE3_id57_s0_164.png,0
YOUTUBE_AV203H_LEREELE3_id57_s0_30.png,0
YOUTUBE_AV203H_LEREELE3_id57_s0_45.png,0
YOUTUBE_AV203H_LEREELE3_id57_s0_60.png,0
YOUTUBE_AV203H_LEREELE3_id57_s0_75.png,0
YOUTUBE_AV203H_LEREELE3_id57_s0_90.png,0
YOUTUBE_AV425HL_SMJ320F_id33_s1_105.png,0
YOUTUBE_AV425HL_SMJ320F_id33_s1_132.png,0
YOUTUBE_AV425HL_SMJ320F_id33_s1_148.png,0
YOUTUBE_AV425HL_SMJ320F_id33_s1_15.png,0
YOUTUBE_AV425HL_SMJ320F_id33_s1_163.png,0
YOUTUBE_AV425HL_SMJ320F_id33_s1_30.png,0
YOUTUBE_AV425HL_SMJ320F_id33_s1_45.png,0
YOUTUBE_AV425HL_SMJ320F_id33_s1_60.png,0
YOUTUBE_AV425HL_SMJ320F_id33_s1_75.png,0
YOUTUBE_AV425HL_SMJ320F_id33_s1_90.png,0
YOUTUBE_AV425HL_SMJ320F_id44_s0_105.png,0
YOUTUBE_AV425HL_SMJ320F_id44_s0_120.png,0
YOUTUBE_AV425HL_SMJ320F_id44_s0_135.png,0
YOUTUBE_AV425HL_SMJ320F_id44_s0_15.png,0
YOUTUBE_AV425HL_SMJ320F_id44_s0_150.png,0
YOUTUBE_AV425HL_SMJ320F_id44_s0_30.png,0
YOUTUBE_AV425HL_SMJ320F_id44_s0_45.png,0
YOUTUBE_AV425HL_SMJ320F_id44_s0_60.png,0
YOUTUBE_AV425HL_SMJ320F_id44_s0_75.png,0
YOUTUBE_AV425HL_SMJ320F_id44_s0_90.png,0
YOUTUBE_AV425HL_SMJ320F_id47_s0_105.png,0
YOUTUBE_AV425HL_SMJ320F_id47_s0_120.png,0
YOUTUBE_AV425HL_SMJ320F_id47_s0_135.png,0
YOUTUBE_AV425HL_SMJ320F_id47_s0_15.png,0
YOUTUBE_AV425HL_SMJ320F_id47_s0_30.png,0
YOUTUBE_AV425HL_SMJ320F_id47_s0_45.png,0
YOUTUBE_AV425HL_SMJ320F_id47_s0_60.png,0
YOUTUBE_AV425HL_SMJ320F_id47_s0_75.png,0
YOUTUBE_AV425HL_SMJ320F_id47_s0_90.png,0
YOUTUBE_AV425HL_SMJ320F_id47_s2_105.png,0
YOUTUBE_AV425HL_SMJ320F_id47_s2_120.png,0
YOUTUBE_AV425HL_SMJ320F_id47_s2_135.png,0
YOUTUBE_AV425HL_SMJ320F_id47_s2_15.png,0
YOUTUBE_AV425HL_SMJ320F_id47_s2_150.png,0
YOUTUBE_AV425HL_SMJ320F_id47_s2_30.png,0
YOUTUBE_AV425HL_SMJ320F_id47_s2_45.png,0
YOUTUBE_AV425HL_SMJ320F_id47_s2_60.png,0
YOUTUBE_AV425HL_SMJ320F_id47_s2_75.png,0
YOUTUBE_AV425HL_SMJ320F_id47_s2_90.png,0
YOUTUBE_AV425HL_SMJ320F_id47_s3_105.png,0
YOUTUBE_AV425HL_SMJ320F_id47_s3_120.png,0
YOUTUBE_AV425HL_SMJ320F_id47_s3_135.png,0
YOUTUBE_AV425HL_SMJ320F_id47_s3_15.png,0
YOUTUBE_AV425HL_SMJ320F_id47_s3_150.png,0
YOUTUBE_AV425HL_SMJ320F_id47_s3_30.png,0
YOUTUBE_AV425HL_SMJ320F_id47_s3_45.png,0
YOUTUBE_AV425HL_SMJ320F_id47_s3_60.png,0
YOUTUBE_AV425HL_SMJ320F_id47_s3_75.png,0
YOUTUBE_AV425HL_SMJ320F_id47_s3_90.png,0
YOUTUBE_AV425HL_SMJ320F_id56_s0_105.png,0
YOUTUBE_AV425HL_SMJ320F_id56_s0_120.png,0
YOUTUBE_AV425HL_SMJ320F_id56_s0_135.png,0
YOUTUBE_AV425HL_SMJ320F_id56_s0_15.png,0
YOUTUBE_AV425HL_SMJ320F_id56_s0_150.png,0
YOUTUBE_AV425HL_SMJ320F_id56_s0_30.png,0
YOUTUBE_AV425HL_SMJ320F_id56_s0_45.png,0
YOUTUBE_AV425HL_SMJ320F_id56_s0_60.png,0
YOUTUBE_AV425HL_SMJ320F_id56_s0_75.png,0
YOUTUBE_AV425HL_SMJ320F_id56_s0_90.png,0
YOUTUBE_AV425HL_SMJ320F_id57_s1_105.png,0
YOUTUBE_AV425HL_SMJ320F_id57_s1_120.png,0
YOUTUBE_AV425HL_SMJ320F_id57_s1_15.png,0
YOUTUBE_AV425HL_SMJ320F_id57_s1_195.png,0
YOUTUBE_AV425HL_SMJ320F_id57_s1_210.png,0
YOUTUBE_AV425HL_SMJ320F_id57_s1_30.png,0
YOUTUBE_AV425HL_SMJ320F_id57_s1_60.png,0
YOUTUBE_AV425HL_SMJ320F_id57_s1_75.png,0
YOUTUBE_AV425HL_SMJ320F_id57_s1_90.png,0
YOUTUBE_AVC239H_REDMI4X_id31_s0_143.png,0
YOUTUBE_AVC239H_REDMI4X_id31_s0_196.png,0
YOUTUBE_AVC239H_REDMI4X_id31_s0_241.png,0
YOUTUBE_AVC239H_REDMI4X_id31_s0_36.png,0
YOUTUBE_AVC239H_REDMI4X_id31_s0_66.png,0
YOUTUBE_AVC239H_REDMI4X_id31_s0_81.png,0
YOUTUBE_AVC239H_REDMI4X_id34_s0_105.png,0
YOUTUBE_AVC239H_REDMI4X_id34_s0_120.png,0
YOUTUBE_AVC239H_REDMI4X_id34_s0_135.png,0
YOUTUBE_AVC239H_REDMI4X_id34_s0_15.png,0
YOUTUBE_AVC239H_REDMI4X_id34_s0_150.png,0
YOUTUBE_AVC239H_REDMI4X_id34_s0_30.png,0
YOUTUBE_AVC239H_REDMI4X_id34_s0_45.png,0
YOUTUBE_AVC239H_REDMI4X_id34_s0_60.png,0
YOUTUBE_AVC239H_REDMI4X_id34_s0_75.png,0
YOUTUBE_AVC239H_REDMI4X_id34_s0_90.png,0
YOUTUBE_AVC239H_REDMI4X_id36_s0_131.png,0
YOUTUBE_AVC239H_REDMI4X_id36_s0_146.png,0
YOUTUBE_AVC239H_REDMI4X_id36_s0_15.png,0
YOUTUBE_AVC239H_REDMI4X_id36_s0_161.png,0
YOUTUBE_AVC239H_REDMI4X_id36_s0_30.png,0
YOUTUBE_AVC239H_REDMI4X_id36_s0_45.png,0
YOUTUBE_AVC239H_REDMI4X_id36_s0_60.png,0
YOUTUBE_AVC239H_REDMI4X_id36_s0_75.png,0
YOUTUBE_AVC239H_REDMI4X_id36_s0_90.png,0
YOUTUBE_AVC239H_REDMI4X_id51_s0_137.png,0
YOUTUBE_AVC239H_REDMI4X_id51_s0_15.png,0
YOUTUBE_AVC239H_REDMI4X_id51_s0_152.png,0
YOUTUBE_AVC239H_REDMI4X_id51_s0_30.png,0
YOUTUBE_AVC239H_REDMI4X_id51_s0_45.png,0
YOUTUBE_AVC239H_REDMI4X_id51_s0_60.png,0
YOUTUBE_AVC239H_REDMI4X_id51_s0_75.png,0
YOUTUBE_AVC239H_REDMI4X_id51_s0_90.png,0
YOUTUBE_AVC239H_REDMI4X_id56_s1_105.png,0
YOUTUBE_AVC239H_REDMI4X_id56_s1_120.png,0
YOUTUBE_AVC239H_REDMI4X_id56_s1_135.png,0
YOUTUBE_AVC239H_REDMI4X_id56_s1_15.png,0
YOUTUBE_AVC239H_REDMI4X_id56_s1_150.png,0
YOUTUBE_AVC239H_REDMI4X_id56_s1_30.png,0
YOUTUBE_AVC239H_REDMI4X_id56_s1_45.png,0
YOUTUBE_AVC239H_REDMI4X_id56_s1_60.png,0
YOUTUBE_AVC239H_REDMI4X_id56_s1_75.png,0
YOUTUBE_AVC239H_REDMI4X_id56_s1_90.png,0
YOUTUBE_AVC239H_REDMI4X_id59_s0_105.png,0
YOUTUBE_AVC239H_REDMI4X_id59_s0_120.png,0
YOUTUBE_AVC239H_REDMI4X_id59_s0_135.png,0
YOUTUBE_AVC239H_REDMI4X_id59_s0_15.png,0
YOUTUBE_AVC239H_REDMI4X_id59_s0_150.png,0
YOUTUBE_AVC239H_REDMI4X_id59_s0_30.png,0
YOUTUBE_AVC239H_REDMI4X_id59_s0_45.png,0
YOUTUBE_AVC239H_REDMI4X_id59_s0_60.png,0
YOUTUBE_AVC239H_REDMI4X_id59_s0_75.png,0
YOUTUBE_AVC239H_REDMI4X_id59_s0_90.png,0
YOUTUBE_AX200MA_SM4AD_id33_s1_105.png,0
YOUTUBE_AX200MA_SM4AD_id33_s1_131.png,0
YOUTUBE_AX200MA_SM4AD_id33_s1_148.png,0
YOUTUBE_AX200MA_SM4AD_id33_s1_15.png,0
YOUTUBE_AX200MA_SM4AD_id33_s1_163.png,0
YOUTUBE_AX200MA_SM4AD_id33_s1_30.png,0
YOUTUBE_AX200MA_SM4AD_id33_s1_45.png,0
YOUTUBE_AX200MA_SM4AD_id33_s1_60.png,0
YOUTUBE_AX200MA_SM4AD_id33_s1_75.png,0
YOUTUBE_AX200MA_SM4AD_id33_s1_90.png,0
YOUTUBE_AX200MA_SM4AD_id44_s0_105.png,0
YOUTUBE_AX200MA_SM4AD_id44_s0_120.png,0
YOUTUBE_AX200MA_SM4AD_id44_s0_135.png,0
YOUTUBE_AX200MA_SM4AD_id44_s0_15.png,0
YOUTUBE_AX200MA_SM4AD_id44_s0_150.png,0
YOUTUBE_AX200MA_SM4AD_id44_s0_30.png,0
YOUTUBE_AX200MA_SM4AD_id44_s0_45.png,0
YOUTUBE_AX200MA_SM4AD_id44_s0_60.png,0
YOUTUBE_AX200MA_SM4AD_id44_s0_75.png,0
YOUTUBE_AX200MA_SM4AD_id44_s0_90.png,0
YOUTUBE_AX200MA_SM4AD_id47_s0_105.png,0
YOUTUBE_AX200MA_SM4AD_id47_s0_120.png,0
YOUTUBE_AX200MA_SM4AD_id47_s0_135.png,0
YOUTUBE_AX200MA_SM4AD_id47_s0_15.png,0
YOUTUBE_AX200MA_SM4AD_id47_s0_167.png,0
YOUTUBE_AX200MA_SM4AD_id47_s0_30.png,0
YOUTUBE_AX200MA_SM4AD_id47_s0_45.png,0
YOUTUBE_AX200MA_SM4AD_id47_s0_60.png,0
YOUTUBE_AX200MA_SM4AD_id47_s0_75.png,0
YOUTUBE_AX200MA_SM4AD_id47_s0_90.png,0
